context_id,root_id,task,split,friction_band,friction_gt,mu_hat,sigma_mu,abs_error,interval_90_lo,interval_90_hi,covered_90
p5s0c_train_t0_r00_s5100_low_mu0.293710,p5s0c_train_t0_root00_s5100,0,TRAIN,LOW,0.2937102019159983,0.34553664922714233,0.04791687801480293,0.05182644724845886,0.26671338081359863,0.42435991764068604,1
p5s0c_train_t0_r00_s5100_mid_mu0.450580,p5s0c_train_t0_root00_s5100,0,TRAIN,MID,0.4505801238823336,0.5076246857643127,0.049842897802591324,0.05704456567764282,0.42563313245773315,0.5896162390708923,1
p5s0c_train_t0_r00_s5100_high_mu0.940189,p5s0c_train_t0_root00_s5100,0,TRAIN,HIGH,0.9401893373882813,0.9341508746147156,0.052731335163116455,0.006038486957550049,0.8474078178405762,1.020893931388855,1
p5s0c_train_t0_r01_s5101_low_mu0.255969,p5s0c_train_t0_root01_s5101,0,TRAIN,LOW,0.2559692046181955,0.2673279643058777,0.04829758033156395,0.011358767747879028,0.18787844479084015,0.3467774987220764,1
p5s0c_train_t0_r01_s5101_mid_mu0.592177,p5s0c_train_t0_root01_s5101,0,TRAIN,MID,0.5921771020907431,0.6853379011154175,0.05248125270009041,0.09316080808639526,0.5990062355995178,0.7716695666313171,0
p5s0c_train_t0_r01_s5101_high_mu0.988466,p5s0c_train_t0_root01_s5101,0,TRAIN,HIGH,0.9884659937733328,0.978800892829895,0.0545370876789093,0.009665071964263916,0.8890873789787292,1.068514347076416,1
p5s0c_train_t0_r02_s5102_low_mu0.285139,p5s0c_train_t0_root02_s5102,0,TRAIN,LOW,0.2851387636485543,0.25337791442871094,0.04965798929333687,0.031760841608047485,0.17169052362442017,0.3350653052330017,1
p5s0c_train_t0_r02_s5102_mid_mu0.571550,p5s0c_train_t0_root02_s5102,0,TRAIN,MID,0.5715496239149224,0.535203218460083,0.04987597465515137,0.036346375942230225,0.4531572461128235,0.6172491908073425,1
p5s0c_train_t0_r02_s5102_high_mu0.974655,p5s0c_train_t0_root02_s5102,0,TRAIN,HIGH,0.9746549647633304,0.9575119614601135,0.05382923036813736,0.01714301109313965,0.8689628839492798,1.0460610389709473,1
p5s0c_train_t0_r03_s5103_low_mu0.233498,p5s0c_train_t0_root03_s5103,0,TRAIN,LOW,0.2334976939575435,0.2702004909515381,0.04873846471309662,0.03670279681682587,0.1900257170200348,0.3503752648830414,1
p5s0c_train_t0_r03_s5103_mid_mu0.554454,p5s0c_train_t0_root03_s5103,0,TRAIN,MID,0.5544542093115656,0.515555739402771,0.04929943382740021,0.038898468017578125,0.4344581663608551,0.5966532826423645,1
p5s0c_train_t0_r03_s5103_high_mu0.970453,p5s0c_train_t0_root03_s5103,0,TRAIN,HIGH,0.9704531443351276,0.9610125422477722,0.05451260879635811,0.009440600872039795,0.8713393211364746,1.0506857633590698,1
p5s0c_train_t0_r04_s5104_low_mu0.298968,p5s0c_train_t0_root04_s5104,0,TRAIN,LOW,0.2989681415686305,0.31686705350875854,0.048793062567710876,0.017898917198181152,0.23660245537757874,0.39713165163993835,1
p5s0c_train_t0_r04_s5104_mid_mu0.572072,p5s0c_train_t0_root04_s5104,0,TRAIN,MID,0.5720723245328282,0.5799318552017212,0.04880395904183388,0.007859528064727783,0.4996493458747864,0.660214364528656,1
p5s0c_train_t0_r04_s5104_high_mu0.905657,p5s0c_train_t0_root04_s5104,0,TRAIN,HIGH,0.9056570160733268,0.9140921831130981,0.05578625947237015,0.008435189723968506,0.8223237991333008,1.0058605670928955,1
p5s0c_train_t0_r05_s5105_low_mu0.252358,p5s0c_train_t0_root05_s5105,0,TRAIN,LOW,0.2523584006618226,0.2652568519115448,0.05169214680790901,0.012898445129394531,0.1802232712507248,0.3502904176712036,1
p5s0c_train_t0_r05_s5105_mid_mu0.529333,p5s0c_train_t0_root05_s5105,0,TRAIN,MID,0.5293331885497402,0.50227290391922,0.049099650233983994,0.027060270309448242,0.4215039908885956,0.5830418467521667,1
p5s0c_train_t0_r05_s5105_high_mu0.913775,p5s0c_train_t0_root05_s5105,0,TRAIN,HIGH,0.913775019025229,0.975968599319458,0.05466418340802193,0.06219357252120972,0.8860460519790649,1.065891146659851,1
p5s0c_train_t1_r00_s5100_low_mu0.240019,p5s0c_train_t1_root00_s5100,1,TRAIN,LOW,0.2400185570682393,0.27950459718704224,0.05026482790708542,0.03948603570461273,0.19681894779205322,0.36219024658203125,1
p5s0c_train_t1_r00_s5100_mid_mu0.467048,p5s0c_train_t1_root00_s5100,1,TRAIN,MID,0.4670478243968788,0.557497501373291,0.04936676099896431,0.09044969081878662,0.47628918290138245,0.638705849647522,0
p5s0c_train_t1_r00_s5100_high_mu0.921500,p5s0c_train_t1_root00_s5100,1,TRAIN,HIGH,0.9215002256494116,0.9302346110343933,0.05753455311059952,0.008734405040740967,0.8355902433395386,1.024878978729248,1
p5s0c_train_t1_r01_s5101_low_mu0.271996,p5s0c_train_t1_root01_s5101,1,TRAIN,LOW,0.2719961745269844,0.28825896978378296,0.04818536713719368,0.016262799501419067,0.2089940309524536,0.3675239086151123,1
p5s0c_train_t1_r01_s5101_mid_mu0.506177,p5s0c_train_t1_root01_s5101,1,TRAIN,MID,0.5061774499381578,0.513634979724884,0.048623569309711456,0.007457554340362549,0.4336492121219635,0.593620777130127,1
p5s0c_train_t1_r01_s5101_high_mu0.920754,p5s0c_train_t1_root01_s5101,1,TRAIN,HIGH,0.9207541147845438,0.9655413031578064,0.056669048964977264,0.04478716850280762,0.8723207116127014,1.0587618350982666,1
p5s0c_train_t1_r02_s5102_low_mu0.211510,p5s0c_train_t1_root02_s5102,1,TRAIN,LOW,0.2115097508855512,0.2087540179491043,0.04848954826593399,0.0027557313442230225,0.12898871302604675,0.28851932287216187,1
p5s0c_train_t1_r02_s5102_mid_mu0.509876,p5s0c_train_t1_root02_s5102,1,TRAIN,MID,0.509875894662746,0.5072548985481262,0.04870197921991348,0.002620995044708252,0.42714014649391174,0.5873696804046631,1
p5s0c_train_t1_r02_s5102_high_mu0.917516,p5s0c_train_t1_root02_s5102,1,TRAIN,HIGH,0.9175159521214378,0.9346582889556885,0.05603498965501785,0.01714235544204712,0.8424807190895081,1.0268357992172241,1
p5s0c_train_t1_r03_s5103_low_mu0.252239,p5s0c_train_t1_root03_s5103,1,TRAIN,LOW,0.2522389282215292,0.24044020473957062,0.05005190521478653,0.01179872453212738,0.1581048220396042,0.32277560234069824,1
p5s0c_train_t1_r03_s5103_mid_mu0.580481,p5s0c_train_t1_root03_s5103,1,TRAIN,MID,0.5804812058382962,0.5701183676719666,0.05062510818243027,0.010362863540649414,0.48684006929397583,0.6533966660499573,1
p5s0c_train_t1_r03_s5103_high_mu0.994255,p5s0c_train_t1_root03_s5103,1,TRAIN,HIGH,0.9942547016813208,1.0089731216430664,0.059788115322589874,0.014718413352966309,0.9106216430664062,1.1073246002197266,1
p5s0c_train_t1_r04_s5104_low_mu0.223399,p5s0c_train_t1_root04_s5104,1,TRAIN,LOW,0.2233988467038157,0.18943770229816437,0.050388630479574203,0.03396114706993103,0.10654840618371964,0.2723270058631897,1
p5s0c_train_t1_r04_s5104_mid_mu0.589024,p5s0c_train_t1_root04_s5104,1,TRAIN,MID,0.5890240876672719,0.5960835814476013,0.05109472945332527,0.00705951452255249,0.5120327472686768,0.6801344156265259,1
p5s0c_train_t1_r04_s5104_high_mu0.989461,p5s0c_train_t1_root04_s5104,1,TRAIN,HIGH,0.9894606289679416,0.9399435520172119,0.05790059641003609,0.04951709508895874,0.8446970582008362,1.0351899862289429,1
p5s0c_train_t1_r05_s5105_low_mu0.281471,p5s0c_train_t1_root05_s5105,1,TRAIN,LOW,0.2814708484330954,0.26618891954421997,0.04949609562754631,0.015281915664672852,0.18476784229278564,0.3476099967956543,1
p5s0c_train_t1_r05_s5105_mid_mu0.533126,p5s0c_train_t1_root05_s5105,1,TRAIN,MID,0.5331259916067848,0.5732836127281189,0.07728148996829987,0.04015761613845825,0.4461555480957031,0.7004116773605347,1
p5s0c_train_t1_r05_s5105_high_mu0.901787,p5s0c_train_t1_root05_s5105,1,TRAIN,HIGH,0.9017871422121704,0.8071345686912537,0.09199623763561249,0.09465259313583374,0.6558007597923279,0.9584683775901794,1
p5s0c_train_t5_r00_s5100_low_mu0.270805,p5s0c_train_t5_root00_s5100,5,TRAIN,LOW,0.2708052527683458,0.25840258598327637,0.051160406321287155,0.012402653694152832,0.1742437183856964,0.3425614535808563,1
p5s0c_train_t5_r00_s5100_mid_mu0.538330,p5s0c_train_t5_root00_s5100,5,TRAIN,MID,0.538330484944251,0.4747679829597473,0.052571821957826614,0.06356251239776611,0.38828733563423157,0.5612486600875854,1
p5s0c_train_t5_r00_s5100_high_mu0.945004,p5s0c_train_t5_root00_s5100,5,TRAIN,HIGH,0.9450036831015114,0.9334395527839661,0.06854917854070663,0.011564135551452637,0.8206761479377747,1.0462028980255127,1
p5s0c_train_t5_r01_s5101_low_mu0.269928,p5s0c_train_t5_root01_s5101,5,TRAIN,LOW,0.2699280391435209,0.33173269033432007,0.05043245479464531,0.06180465221405029,0.2487713098526001,0.41469407081604004,1
p5s0c_train_t5_r01_s5101_mid_mu0.531976,p5s0c_train_t5_root01_s5101,5,TRAIN,MID,0.5319764380853421,0.5579516887664795,0.053879354149103165,0.02597522735595703,0.469320148229599,0.6465831995010376,1
p5s0c_train_t5_r01_s5101_high_mu0.977978,p5s0c_train_t5_root01_s5101,5,TRAIN,HIGH,0.9779779583271984,0.9375277161598206,0.06737184524536133,0.040450215339660645,0.8267010450363159,1.0483543872833252,1
p5s0c_train_t5_r02_s5102_low_mu0.295394,p5s0c_train_t5_root02_s5102,5,TRAIN,LOW,0.2953937543558703,0.31083303689956665,0.05053498595952988,0.015439271926879883,0.22770297527313232,0.393963098526001,1
p5s0c_train_t5_r02_s5102_mid_mu0.569222,p5s0c_train_t5_root02_s5102,5,TRAIN,MID,0.5692222329044275,0.44115298986434937,0.05169720575213432,0.1280692219734192,0.356111079454422,0.5261948704719543,0
p5s0c_train_t5_r02_s5102_high_mu0.938254,p5s0c_train_t5_root02_s5102,5,TRAIN,HIGH,0.9382535774444988,0.9255972504615784,0.06437187641859055,0.012656331062316895,0.8197054862976074,1.0314890146255493,1
p5s0c_train_t5_r03_s5103_low_mu0.268456,p5s0c_train_t5_root03_s5103,5,TRAIN,LOW,0.2684556388624265,0.27054136991500854,0.05112636461853981,0.002085745334625244,0.18643850088119507,0.354644238948822,1
p5s0c_train_t5_r03_s5103_mid_mu0.579422,p5s0c_train_t5_root03_s5103,5,TRAIN,MID,0.5794217219847442,0.6032820343971252,0.056427937000989914,0.02386033535003662,0.5104581117630005,0.69610595703125,1
p5s0c_train_t5_r03_s5103_high_mu0.971853,p5s0c_train_t5_root03_s5103,5,TRAIN,HIGH,0.9718526963499344,1.051775574684143,0.0733124166727066,0.07992285490036011,0.9311766624450684,1.1723744869232178,1
p5s0c_train_t5_r04_s5104_low_mu0.296413,p5s0c_train_t5_root04_s5104,5,TRAIN,LOW,0.2964132778649048,0.2974242568016052,0.04973658546805382,0.001010984182357788,0.21560758352279663,0.3792409300804138,1
p5s0c_train_t5_r04_s5104_mid_mu0.479493,p5s0c_train_t5_root04_s5104,5,TRAIN,MID,0.4794931193111124,0.4711454510688782,0.05178222432732582,0.008347660303115845,0.38596367835998535,0.556327223777771,1
p5s0c_train_t5_r04_s5104_high_mu0.927670,p5s0c_train_t5_root04_s5104,5,TRAIN,HIGH,0.9276696852071152,0.9219791293144226,0.06462717056274414,0.005690574645996094,0.815667450428009,1.028290867805481,1
p5s0c_train_t5_r05_s5105_low_mu0.212460,p5s0c_train_t5_root05_s5105,5,TRAIN,LOW,0.212459898799269,0.34194475412368774,0.055923838168382645,0.1294848620891571,0.24995005130767822,0.43393945693969727,0
p5s0c_train_t5_r05_s5105_mid_mu0.478580,p5s0c_train_t5_root05_s5105,5,TRAIN,MID,0.4785796961711498,0.5144620537757874,0.052435602992773056,0.03588235378265381,0.4282054901123047,0.60071861743927,1
p5s0c_train_t5_r05_s5105_high_mu0.955667,p5s0c_train_t5_root05_s5105,5,TRAIN,HIGH,0.9556674783451712,0.9682970643043518,0.06620148569345474,0.012629568576812744,0.8593956232070923,1.0771985054016113,1
p5s0c_train_t6_r00_s5100_low_mu0.257577,p5s0c_train_t6_root00_s5100,6,TRAIN,LOW,0.2575768733744629,0.27905529737472534,0.058501843363046646,0.02147841453552246,0.18281976878643036,0.37529081106185913,1
p5s0c_train_t6_r00_s5100_mid_mu0.558595,p5s0c_train_t6_root00_s5100,6,TRAIN,MID,0.5585950380614311,0.5661868453025818,0.06017058342695236,0.0075917840003967285,0.4672062397003174,0.6651674509048462,1
p5s0c_train_t6_r00_s5100_high_mu0.989348,p5s0c_train_t6_root00_s5100,6,TRAIN,HIGH,0.9893482298937868,0.9687514901161194,0.058883361518383026,0.020596742630004883,0.8718883395195007,1.0656145811080933,1
p5s0c_train_t6_r01_s5101_low_mu0.216789,p5s0c_train_t6_root01_s5101,6,TRAIN,LOW,0.2167888067328618,0.2891952395439148,0.06172183156013489,0.07240642607212067,0.18766282498836517,0.3907276391983032,1
p5s0c_train_t6_r01_s5101_mid_mu0.529103,p5s0c_train_t6_root01_s5101,6,TRAIN,MID,0.529103149795241,0.5132491588592529,0.060081034898757935,0.01585400104522705,0.4144158661365509,0.6120824813842773,1
p5s0c_train_t6_r01_s5101_high_mu0.910021,p5s0c_train_t6_root01_s5101,6,TRAIN,HIGH,0.910021416560606,0.9441812634468079,0.05792670324444771,0.034159839153289795,0.8488918542861938,1.0394706726074219,1
p5s0c_train_t6_r02_s5102_low_mu0.225446,p5s0c_train_t6_root02_s5102,6,TRAIN,LOW,0.2254455884485326,0.3300624489784241,0.06250901520252228,0.10461686551570892,0.2272351235151291,0.43288975954055786,0
p5s0c_train_t6_r02_s5102_mid_mu0.568022,p5s0c_train_t6_root02_s5102,6,TRAIN,MID,0.5680218260664094,0.5105282068252563,0.061294663697481155,0.057493627071380615,0.409698486328125,0.6113579273223877,1
p5s0c_train_t6_r02_s5102_high_mu0.958858,p5s0c_train_t6_root02_s5102,6,TRAIN,HIGH,0.9588583617780642,0.9704163670539856,0.06018230319023132,0.011557996273040771,0.871416449546814,1.0694162845611572,1
p5s0c_train_t6_r03_s5103_low_mu0.298364,p5s0c_train_t6_root03_s5103,6,TRAIN,LOW,0.2983642867493329,0.310299277305603,0.05310087278485298,0.011934995651245117,0.2229483425617218,0.39765021204948425,1
p5s0c_train_t6_r03_s5103_mid_mu0.494903,p5s0c_train_t6_root03_s5103,6,TRAIN,MID,0.4949034834883461,0.5327125787734985,0.0606752373278141,0.0378091037273407,0.4329017996788025,0.6325233578681946,1
p5s0c_train_t6_r03_s5103_high_mu0.989240,p5s0c_train_t6_root03_s5103,6,TRAIN,HIGH,0.9892401623583468,0.9969456195831299,0.061368610709905624,0.0077054500579833984,0.895994246006012,1.097896933555603,1
p5s0c_train_t6_r04_s5104_low_mu0.226087,p5s0c_train_t6_root04_s5104,6,TRAIN,LOW,0.2260874595992573,0.25767624378204346,0.059588473290205,0.031588777899742126,0.1596532166004181,0.3556992709636688,1
p5s0c_train_t6_r04_s5104_mid_mu0.562603,p5s0c_train_t6_root04_s5104,6,TRAIN,MID,0.5626032637468864,0.4302893877029419,0.06066620722413063,0.13231384754180908,0.3304934799671173,0.5300853252410889,0
p5s0c_train_t6_r04_s5104_high_mu0.970401,p5s0c_train_t6_root04_s5104,6,TRAIN,HIGH,0.9704010725401304,0.9983064532279968,0.0602654293179512,0.027905404567718506,0.8991698026657104,1.0974431037902832,1
p5s0c_train_t6_r05_s5105_low_mu0.260231,p5s0c_train_t6_root05_s5105,6,TRAIN,LOW,0.2602307033517269,0.33632051944732666,0.06300394982099533,0.07608982920646667,0.23267902433872223,0.4399620294570923,1
p5s0c_train_t6_r05_s5105_mid_mu0.481964,p5s0c_train_t6_root05_s5105,6,TRAIN,MID,0.481964315174943,0.5439391136169434,0.05671994388103485,0.061974793672561646,0.45063480734825134,0.637243390083313,1
p5s0c_train_t6_r05_s5105_high_mu0.940404,p5s0c_train_t6_root05_s5105,6,TRAIN,HIGH,0.9404040658568696,0.9490672945976257,0.058693960309028625,0.00866323709487915,0.8525157570838928,1.0456188917160034,1
p5s0c_dev_t0_r06_s5106_low_mu0.288234,p5s0c_dev_t0_root06_s5106,0,DEV,LOW,0.2882343327859944,0.2558004856109619,0.049376532435417175,0.03243383765220642,0.17457608878612518,0.33702486753463745,1
p5s0c_dev_t0_r06_s5106_mid_mu0.504922,p5s0c_dev_t0_root06_s5106,0,DEV,MID,0.5049219883120787,0.48020321130752563,0.049037542194128036,0.024718761444091797,0.39953646063804626,0.5608699917793274,1
p5s0c_dev_t0_r06_s5106_high_mu0.901218,p5s0c_dev_t0_root06_s5106,0,DEV,HIGH,0.9012180083570992,0.967028021812439,0.054309964179992676,0.06581002473831177,0.8776881098747253,1.0563678741455078,1
p5s0c_dev_t0_r07_s5107_low_mu0.294781,p5s0c_dev_t0_root07_s5107,0,DEV,LOW,0.2947813460786453,0.29778873920440674,0.050630006939172745,0.0030073821544647217,0.21450237929821014,0.38107508420944214,1
p5s0c_dev_t0_r07_s5107_mid_mu0.500365,p5s0c_dev_t0_root07_s5107,0,DEV,MID,0.5003653963090192,0.4385507106781006,0.0501687116920948,0.06181466579437256,0.3560231924057007,0.5210782289505005,1
p5s0c_dev_t0_r07_s5107_high_mu0.932791,p5s0c_dev_t0_root07_s5107,0,DEV,HIGH,0.9327914080609748,0.9201809167861938,0.05503348261117935,0.01261049509048462,0.8296508193016052,1.0107109546661377,1
p5s0c_dev_t1_r06_s5106_low_mu0.262418,p5s0c_dev_t1_root06_s5106,1,DEV,LOW,0.2624184362235552,0.5902875065803528,0.09122364223003387,0.3278690576553345,0.44022461771965027,0.7403503656387329,0
p5s0c_dev_t1_r06_s5106_mid_mu0.515227,p5s0c_dev_t1_root06_s5106,1,DEV,MID,0.5152267522480724,0.3896932601928711,0.04846331104636192,0.12553352117538452,0.3099711239337921,0.4694153964519501,0
p5s0c_dev_t1_r06_s5106_high_mu0.973004,p5s0c_dev_t1_root06_s5106,1,DEV,HIGH,0.9730036338301252,0.8643555045127869,0.05442551150918007,0.10864812135696411,0.7748255133628845,0.9538854956626892,0
p5s0c_dev_t1_r07_s5107_low_mu0.225573,p5s0c_dev_t1_root07_s5107,1,DEV,LOW,0.2255725764990141,0.16027645766735077,0.049395911395549774,0.06529611349105835,0.0790201872587204,0.24153272807598114,1
p5s0c_dev_t1_r07_s5107_mid_mu0.500836,p5s0c_dev_t1_root07_s5107,1,DEV,MID,0.500835695412869,0.4811147451400757,0.04870739206671715,0.01972097158432007,0.4009910821914673,0.5612384080886841,1
p5s0c_dev_t1_r07_s5107_high_mu0.903359,p5s0c_dev_t1_root07_s5107,1,DEV,HIGH,0.9033587570076792,0.9260197281837463,0.05621127039194107,0.02266097068786621,0.8335521817207336,1.0184872150421143,1
p5s0c_dev_t5_r06_s5106_low_mu0.283428,p5s0c_dev_t5_root06_s5106,5,DEV,LOW,0.2834278244355604,0.2570631504058838,0.04777269810438156,0.026364684104919434,0.17847706377506256,0.3356492519378662,1
p5s0c_dev_t5_r06_s5106_mid_mu0.455479,p5s0c_dev_t5_root06_s5106,5,DEV,MID,0.4554788210846013,0.34525609016418457,0.049844224005937576,0.110222727060318,0.2632623314857483,0.42724984884262085,0
p5s0c_dev_t5_r06_s5106_high_mu0.917878,p5s0c_dev_t5_root06_s5106,5,DEV,HIGH,0.9178783381827694,0.9143449068069458,0.06369030475616455,0.0035334229469299316,0.8095743656158447,1.0191154479980469,1
p5s0c_dev_t5_r07_s5107_low_mu0.210709,p5s0c_dev_t5_root07_s5107,5,DEV,LOW,0.2107091015129449,0.39949387311935425,0.050414059311151505,0.18878477811813354,0.3165627419948578,0.4824250042438507,0
p5s0c_dev_t5_r07_s5107_mid_mu0.555512,p5s0c_dev_t5_root07_s5107,5,DEV,MID,0.5555123454255387,0.5262495875358582,0.05505909398198128,0.029262781143188477,0.4356773793697357,0.6168217658996582,1
p5s0c_dev_t5_r07_s5107_high_mu0.960037,p5s0c_dev_t5_root07_s5107,5,DEV,HIGH,0.9600366003423394,1.0827667713165283,0.07317633181810379,0.12273019552230835,0.96239173412323,1.2031418085098267,0
p5s0c_dev_t6_r06_s5106_low_mu0.210449,p5s0c_dev_t6_root06_s5106,6,DEV,LOW,0.210448504464096,0.1646779328584671,0.05905286967754364,0.04577057063579559,0.06753596663475037,0.26181989908218384,1
p5s0c_dev_t6_r06_s5106_mid_mu0.569177,p5s0c_dev_t6_root06_s5106,6,DEV,MID,0.569177278763916,0.4836267828941345,0.062400974333286285,0.08555048704147339,0.38097718358039856,0.5862764120101929,1
p5s0c_dev_t6_r06_s5106_high_mu0.911169,p5s0c_dev_t6_root06_s5106,6,DEV,HIGH,0.911168502048108,0.9626513123512268,0.0594022199511528,0.05148279666900635,0.8649346828460693,1.0603679418563843,1
p5s0c_dev_t6_r07_s5107_low_mu0.233902,p5s0c_dev_t6_root07_s5107,6,DEV,LOW,0.2339024543861059,0.19325940310955048,0.06015539541840553,0.04064305126667023,0.09430377930402756,0.2922150194644928,1
p5s0c_dev_t6_r07_s5107_mid_mu0.522882,p5s0c_dev_t6_root07_s5107,6,DEV,MID,0.5228824585854834,0.3978118896484375,0.05991712585091591,0.12507057189941406,0.29924821853637695,0.49637556076049805,0
p5s0c_dev_t6_r07_s5107_high_mu0.971507,p5s0c_dev_t6_root07_s5107,6,DEV,HIGH,0.9715069289124254,0.8179364800453186,0.058520860970020294,0.15357047319412231,0.7216696739196777,0.9142032861709595,0
p5s0c_test_t0_r08_s5108_low_mu0.267482,p5s0c_test_t0_root08_s5108,0,TEST,LOW,0.2674822115103529,0.2763756513595581,0.05004996061325073,0.008893430233001709,0.19404345750808716,0.35870784521102905,1
p5s0c_test_t0_r08_s5108_mid_mu0.499104,p5s0c_test_t0_root08_s5108,0,TEST,MID,0.4991042120886148,0.5633327960968018,0.05033959075808525,0.0642285943031311,0.4805241823196411,0.6461414098739624,1
p5s0c_test_t0_r08_s5108_high_mu0.933258,p5s0c_test_t0_root08_s5108,0,TEST,HIGH,0.9332580059786012,0.9115322232246399,0.05320517718791962,0.021725773811340332,0.8240097165107727,0.9990547299385071,1
p5s0c_test_t0_r09_s5109_low_mu0.256125,p5s0c_test_t0_root09_s5109,0,TEST,LOW,0.2561249693238189,0.3028627038002014,0.04806899651885033,0.046737730503082275,0.22378921508789062,0.3819361925125122,1
p5s0c_test_t0_r09_s5109_mid_mu0.483186,p5s0c_test_t0_root09_s5109,0,TEST,MID,0.4831864837456221,0.4866957664489746,0.049034398049116135,0.0035092830657958984,0.4060341715812683,0.5673573613166809,1
p5s0c_test_t0_r09_s5109_high_mu0.928450,p5s0c_test_t0_root09_s5109,0,TEST,HIGH,0.9284498333172938,0.9020055532455444,0.05190322548151016,0.02644425630569458,0.8166247606277466,0.9873863458633423,1
p5s0c_test_t0_r10_s5110_low_mu0.246922,p5s0c_test_t0_root10_s5110,0,TEST,LOW,0.2469216254159692,0.31544244289398193,0.048057448118925095,0.06852081418037415,0.2363879382610321,0.39449694752693176,1
p5s0c_test_t0_r10_s5110_mid_mu0.459307,p5s0c_test_t0_root10_s5110,0,TEST,MID,0.4593074511620376,0.5324409604072571,0.050272244960069656,0.07313349843025208,0.4497431218624115,0.6151387691497803,1
p5s0c_test_t0_r10_s5110_high_mu0.965854,p5s0c_test_t0_root10_s5110,0,TEST,HIGH,0.9658543928045288,0.9388967752456665,0.054041262716054916,0.02695763111114502,0.8499988913536072,1.027794599533081,1
p5s0c_test_t0_r11_s5111_low_mu0.296027,p5s0c_test_t0_root11_s5111,0,TEST,LOW,0.2960273891943319,0.3121284246444702,0.04817468672990799,0.016101032495498657,0.2328810691833496,0.3913757801055908,1
p5s0c_test_t0_r11_s5111_mid_mu0.511841,p5s0c_test_t0_root11_s5111,0,TEST,MID,0.5118406297435366,0.557559609413147,0.049846306443214417,0.0457189679145813,0.4755624532699585,0.6395567655563354,1
p5s0c_test_t0_r11_s5111_high_mu0.947534,p5s0c_test_t0_root11_s5111,0,TEST,HIGH,0.9475340431282177,0.949612021446228,0.0535956472158432,0.0020779967308044434,0.8614472150802612,1.0377768278121948,1
p5s0c_test_t1_r08_s5108_low_mu0.258914,p5s0c_test_t1_root08_s5108,1,TEST,LOW,0.2589137266358619,0.1708972007036209,0.05001028627157211,0.08801652491092682,0.08863028138875961,0.2531641125679016,0
p5s0c_test_t1_r08_s5108_mid_mu0.507799,p5s0c_test_t1_root08_s5108,1,TEST,MID,0.5077986605848918,0.4765307307243347,0.04918947070837021,0.03126794099807739,0.39561405777931213,0.5574474334716797,1
p5s0c_test_t1_r08_s5108_high_mu0.931731,p5s0c_test_t1_root08_s5108,1,TEST,HIGH,0.931730503072882,0.9847865700721741,0.0584159791469574,0.05305606126785278,0.8886922597885132,1.080880880355835,1
p5s0c_test_t1_r09_s5109_low_mu0.269281,p5s0c_test_t1_root09_s5109,1,TEST,LOW,0.2692813652529258,0.24387851357460022,0.04839835688471794,0.025402843952178955,0.16426321864128113,0.3234938085079193,1
p5s0c_test_t1_r09_s5109_mid_mu0.519816,p5s0c_test_t1_root09_s5109,1,TEST,MID,0.5198161355632988,0.5214972496032715,0.048856548964977264,0.0016810894012451172,0.4411282241344452,0.6018662452697754,1
p5s0c_test_t1_r09_s5109_high_mu0.922940,p5s0c_test_t1_root09_s5109,1,TEST,HIGH,0.9229400559652272,0.9885559678077698,0.05754581838846207,0.06561589241027832,0.8938931226730347,1.0832188129425049,1
p5s0c_test_t1_r10_s5110_low_mu0.276521,p5s0c_test_t1_root10_s5110,1,TEST,LOW,0.2765211847843557,0.2616875171661377,0.04743510112166405,0.014833658933639526,0.18365678191184998,0.3397182524204254,1
p5s0c_test_t1_r10_s5110_mid_mu0.557307,p5s0c_test_t1_root10_s5110,1,TEST,MID,0.5573074412236266,0.5336730480194092,0.048193931579589844,0.023634374141693115,0.45439404249191284,0.6129520535469055,1
p5s0c_test_t1_r10_s5110_high_mu0.989762,p5s0c_test_t1_root10_s5110,1,TEST,HIGH,0.9897617626431056,0.9730117917060852,0.05584070086479187,0.016749978065490723,0.8811538219451904,1.06486976146698,1
p5s0c_test_t1_r11_s5111_low_mu0.205248,p5s0c_test_t1_root11_s5111,1,TEST,LOW,0.2052482324503927,0.1903541088104248,0.05006933957338333,0.01489412784576416,0.10799004882574081,0.2727181613445282,1
p5s0c_test_t1_r11_s5111_mid_mu0.594066,p5s0c_test_t1_root11_s5111,1,TEST,MID,0.5940658783003948,0.659659206867218,0.05184028297662735,0.06559330224990845,0.574381947517395,0.744936466217041,1
p5s0c_test_t1_r11_s5111_high_mu0.923745,p5s0c_test_t1_root11_s5111,1,TEST,HIGH,0.9237451676399364,0.9614700078964233,0.057894736528396606,0.037724852561950684,0.8662331700325012,1.0567069053649902,1
p5s0c_test_t5_r08_s5108_low_mu0.281022,p5s0c_test_t5_root08_s5108,5,TEST,LOW,0.2810223546644395,0.4632456302642822,0.05249400436878204,0.18222329020500183,0.37689298391342163,0.5495982766151428,0
p5s0c_test_t5_r08_s5108_mid_mu0.472511,p5s0c_test_t5_root08_s5108,5,TEST,MID,0.4725107627202033,0.47629934549331665,0.05082257464528084,0.003788590431213379,0.39269620180130005,0.5599024891853333,1
p5s0c_test_t5_r08_s5108_high_mu0.916302,p5s0c_test_t5_root08_s5108,5,TEST,HIGH,0.9163017970555052,0.6605652570724487,0.05564037710428238,0.2557365298271179,0.5690368413925171,0.7520936727523804,0
p5s0c_test_t5_r09_s5109_low_mu0.219817,p5s0c_test_t5_root09_s5109,5,TEST,LOW,0.2198165468366217,0.28966158628463745,0.049260061234235764,0.0698450356721878,0.2086287885904312,0.3706943988800049,1
p5s0c_test_t5_r09_s5109_mid_mu0.511935,p5s0c_test_t5_root09_s5109,5,TEST,MID,0.5119353501425179,0.37959539890289307,0.049567610025405884,0.1323399543762207,0.2980566918849945,0.4611341059207916,0
p5s0c_test_t5_r09_s5109_high_mu0.914121,p5s0c_test_t5_root09_s5109,5,TEST,HIGH,0.9141211191134748,0.8550451397895813,0.06251779198646545,0.05907595157623291,0.7522033452987671,0.9578869342803955,1
p5s0c_test_t5_r10_s5110_low_mu0.241595,p5s0c_test_t5_root10_s5110,5,TEST,LOW,0.2415946392644449,0.27564340829849243,0.0495857298374176,0.034048765897750854,0.19407488405704498,0.3572119474411011,1
p5s0c_test_t5_r10_s5110_mid_mu0.558928,p5s0c_test_t5_root10_s5110,5,TEST,MID,0.5589278760538872,0.4437286853790283,0.05066240578889847,0.11519920825958252,0.36038902401924133,0.5270683169364929,0
p5s0c_test_t5_r10_s5110_high_mu0.927931,p5s0c_test_t5_root10_s5110,5,TEST,HIGH,0.927930787824814,0.8853757977485657,0.06325574964284897,0.04255497455596924,0.7813200950622559,0.9894315004348755,1
p5s0c_test_t5_r11_s5111_low_mu0.268178,p5s0c_test_t5_root11_s5111,5,TEST,LOW,0.268177933747641,0.25442418456077576,0.05013106018304825,0.013753741979598999,0.17195859551429749,0.33688977360725403,1
p5s0c_test_t5_r11_s5111_mid_mu0.515846,p5s0c_test_t5_root11_s5111,5,TEST,MID,0.515846448574493,0.5923963785171509,0.053742337971925735,0.0765499472618103,0.5039902329444885,0.6808025240898132,1
p5s0c_test_t5_r11_s5111_high_mu0.923760,p5s0c_test_t5_root11_s5111,5,TEST,HIGH,0.9237597683750104,1.0610250234603882,0.07297488301992416,0.13726526498794556,0.9409813284873962,1.1810686588287354,0
p5s0c_test_t6_r08_s5108_low_mu0.285949,p5s0c_test_t6_root08_s5108,6,TEST,LOW,0.2859488053187271,0.3190948963165283,0.056640226393938065,0.03314608335494995,0.22592172026634216,0.4122680723667145,1
p5s0c_test_t6_r08_s5108_mid_mu0.589667,p5s0c_test_t6_root08_s5108,6,TEST,MID,0.5896674573789578,0.6369556188583374,0.05465991795063019,0.04728817939758301,0.5470400452613831,0.7268711924552917,1
p5s0c_test_t6_r08_s5108_high_mu0.916654,p5s0c_test_t6_root08_s5108,6,TEST,HIGH,0.9166536478590028,0.9794783592224121,0.05805196613073349,0.06282472610473633,0.8839828968048096,1.0749738216400146,1
p5s0c_test_t6_r09_s5109_low_mu0.212285,p5s0c_test_t6_root09_s5109,6,TEST,LOW,0.2122846630591167,0.4953390955924988,0.05983471870422363,0.2830544114112854,0.39691099524497986,0.5937672257423401,0
p5s0c_test_t6_r09_s5109_mid_mu0.500794,p5s0c_test_t6_root09_s5109,6,TEST,MID,0.5007939750128186,0.35161852836608887,0.05856214836239815,0.1491754651069641,0.25528380274772644,0.4479532539844513,0
p5s0c_test_t6_r09_s5109_high_mu0.973763,p5s0c_test_t6_root09_s5109,6,TEST,HIGH,0.9737629202847972,1.0014153718948364,0.06199820339679718,0.027652442455291748,0.8994283080101013,1.1034023761749268,1
p5s0c_test_t6_r10_s5110_low_mu0.252659,p5s0c_test_t6_root10_s5110,6,TEST,LOW,0.252658536073917,0.35027796030044556,0.06315791606903076,0.09761941432952881,0.2463831901550293,0.4541727304458618,1
p5s0c_test_t6_r10_s5110_mid_mu0.481102,p5s0c_test_t6_root10_s5110,6,TEST,MID,0.4811023924793273,0.5155375003814697,0.058484915643930435,0.03443509340286255,0.41932982206344604,0.6117451786994934,1
p5s0c_test_t6_r10_s5110_high_mu0.987733,p5s0c_test_t6_root10_s5110,6,TEST,HIGH,0.987732798590089,1.0008162260055542,0.05989496037364006,0.013083398342132568,0.9022890329360962,1.0993434190750122,1
p5s0c_test_t6_r11_s5111_low_mu0.212521,p5s0c_test_t6_root11_s5111,6,TEST,LOW,0.212521463342134,0.4191802144050598,0.06000865623354912,0.2066587507724762,0.32046598196029663,0.517894446849823,0
p5s0c_test_t6_r11_s5111_mid_mu0.483652,p5s0c_test_t6_root11_s5111,6,TEST,MID,0.4836522099619362,0.509243905544281,0.058856766670942307,0.02559170126914978,0.4124245345592499,0.6060633063316345,1
p5s0c_test_t6_r11_s5111_high_mu0.906536,p5s0c_test_t6_root11_s5111,6,TEST,HIGH,0.9065357212447386,0.9928007125854492,0.06214370205998421,0.086264967918396,0.8905743360519409,1.0950270891189575,1
