context_id,root_id,task,split,friction_gt,mu_hat,sigma_mu,imagined_force_N,oracle_min_force_N,real_success_at_imagined,absolute_force_gap,imagined_curve_json
p5s0c_dev_t0_r06_s5106_low_mu0.288234,p5s0c_dev_t0_root06_s5106,0,DEV,0.2882343327859944,0.2558004856109619,0.049376532435417175,4.5,4.5,1,0.0,"{""3.0"": 0.0, ""3.5"": 0.0, ""4.0"": 0.5, ""4.5"": 1.0, ""5.0"": 1.0, ""5.5"": 0.0, ""6.0"": 0.0}"
p5s0c_dev_t0_r06_s5106_mid_mu0.504922,p5s0c_dev_t0_root06_s5106,0,DEV,0.5049219883120787,0.48020321130752563,0.049037542194128036,4.5,4.0,1,0.5,"{""3.0"": 0.0, ""3.5"": 0.0, ""4.0"": 0.5, ""4.5"": 1.0, ""5.0"": 1.0, ""5.5"": 0.0, ""6.0"": 0.0}"
p5s0c_dev_t0_r06_s5106_high_mu0.901218,p5s0c_dev_t0_root06_s5106,0,DEV,0.9012180083570992,0.967028021812439,0.054309964179992676,4.0,3.0,1,1.0,"{""3.0"": 0.5, ""3.5"": 0.0, ""4.0"": 1.0, ""4.5"": 1.0, ""5.0"": 1.0, ""5.5"": 0.0, ""6.0"": 0.0}"
p5s0c_dev_t0_r07_s5107_low_mu0.294781,p5s0c_dev_t0_root07_s5107,0,DEV,0.2947813460786453,0.29778873920440674,0.050630006939172745,4.5,4.5,1,0.0,"{""3.0"": 0.0, ""3.5"": 0.0, ""4.0"": 0.5, ""4.5"": 1.0, ""5.0"": 1.0, ""5.5"": 0.0, ""6.0"": 0.0}"
p5s0c_dev_t0_r07_s5107_mid_mu0.500365,p5s0c_dev_t0_root07_s5107,0,DEV,0.5003653963090192,0.4385507106781006,0.0501687116920948,4.5,4.0,1,0.5,"{""3.0"": 0.0, ""3.5"": 0.0, ""4.0"": 0.5, ""4.5"": 1.0, ""5.0"": 1.0, ""5.5"": 0.0, ""6.0"": 0.0}"
p5s0c_dev_t0_r07_s5107_high_mu0.932791,p5s0c_dev_t0_root07_s5107,0,DEV,0.9327914080609748,0.9201809167861938,0.05503348261117935,4.0,3.0,1,1.0,"{""3.0"": 0.5, ""3.5"": 0.0, ""4.0"": 1.0, ""4.5"": 1.0, ""5.0"": 1.0, ""5.5"": 0.0, ""6.0"": 0.0}"
p5s0c_dev_t1_r06_s5106_low_mu0.262418,p5s0c_dev_t1_root06_s5106,1,DEV,0.2624184362235552,0.5902875065803528,0.09122364223003387,5.5,5.5,1,0.0,"{""3.0"": 0.0, ""3.5"": 0.0, ""4.0"": 0.4166666666666667, ""4.5"": 0.75, ""5.0"": 0.8333333333333334, ""5.5"": 1.0, ""6.0"": 1.0}"
p5s0c_dev_t1_r06_s5106_mid_mu0.515227,p5s0c_dev_t1_root06_s5106,1,DEV,0.5152267522480724,0.3896932601928711,0.04846331104636192,6.0,4.5,1,1.5,"{""3.0"": 0.0, ""3.5"": 0.0, ""4.0"": 0.08333333333333333, ""4.5"": 0.4166666666666667, ""5.0"": 0.5, ""5.5"": 0.6666666666666666, ""6.0"": 0.9166666666666666}"
p5s0c_dev_t1_r06_s5106_high_mu0.973004,p5s0c_dev_t1_root06_s5106,1,DEV,0.9730036338301252,0.8643555045127869,0.05442551150918007,4.5,4.0,1,0.5,"{""3.0"": 0.0, ""3.5"": 0.0, ""4.0"": 0.5833333333333334, ""4.5"": 0.9166666666666666, ""5.0"": 1.0, ""5.5"": 1.0, ""6.0"": 1.0}"
p5s0c_dev_t1_r07_s5107_low_mu0.225573,p5s0c_dev_t1_root07_s5107,1,DEV,0.2255725764990141,0.16027645766735077,0.049395911395549774,6.0,6.0,1,0.0,"{""3.0"": 0.0, ""3.5"": 0.0, ""4.0"": 0.08333333333333333, ""4.5"": 0.4166666666666667, ""5.0"": 0.5, ""5.5"": 0.6666666666666666, ""6.0"": 0.9166666666666666}"
p5s0c_dev_t1_r07_s5107_mid_mu0.500836,p5s0c_dev_t1_root07_s5107,1,DEV,0.500835695412869,0.4811147451400757,0.04870739206671715,6.0,4.5,1,1.5,"{""3.0"": 0.0, ""3.5"": 0.0, ""4.0"": 0.08333333333333333, ""4.5"": 0.4166666666666667, ""5.0"": 0.5, ""5.5"": 0.6666666666666666, ""6.0"": 0.9166666666666666}"
p5s0c_dev_t1_r07_s5107_high_mu0.903359,p5s0c_dev_t1_root07_s5107,1,DEV,0.9033587570076792,0.9260197281837463,0.05621127039194107,4.5,4.0,1,0.5,"{""3.0"": 0.0, ""3.5"": 0.0, ""4.0"": 0.5833333333333334, ""4.5"": 0.9166666666666666, ""5.0"": 1.0, ""5.5"": 1.0, ""6.0"": 1.0}"
p5s0c_dev_t5_r06_s5106_low_mu0.283428,p5s0c_dev_t5_root06_s5106,5,DEV,0.2834278244355604,0.2570631504058838,0.04777269810438156,4.5,4.5,1,0.0,"{""3.0"": 0.0, ""3.5"": 0.0, ""4.0"": 0.5, ""4.5"": 0.9166666666666666, ""5.0"": 1.0, ""5.5"": 0.0, ""6.0"": 0.0}"
p5s0c_dev_t5_r06_s5106_mid_mu0.455479,p5s0c_dev_t5_root06_s5106,5,DEV,0.4554788210846013,0.34525609016418457,0.049844224005937576,4.5,4.0,1,0.5,"{""3.0"": 0.0, ""3.5"": 0.0, ""4.0"": 0.5, ""4.5"": 0.9166666666666666, ""5.0"": 1.0, ""5.5"": 0.0, ""6.0"": 0.0}"
p5s0c_dev_t5_r06_s5106_high_mu0.917878,p5s0c_dev_t5_root06_s5106,5,DEV,0.9178783381827694,0.9143449068069458,0.06369030475616455,4.0,3.0,1,1.0,"{""3.0"": 0.5, ""3.5"": 0.0, ""4.0"": 1.0, ""4.5"": 1.0, ""5.0"": 1.0, ""5.5"": 0.0, ""6.0"": 0.0}"
p5s0c_dev_t5_r07_s5107_low_mu0.210709,p5s0c_dev_t5_root07_s5107,5,DEV,0.2107091015129449,0.39949387311935425,0.050414059311151505,4.5,5.0,0,0.5,"{""3.0"": 0.0, ""3.5"": 0.0, ""4.0"": 0.5, ""4.5"": 0.9166666666666666, ""5.0"": 1.0, ""5.5"": 0.0, ""6.0"": 0.0}"
p5s0c_dev_t5_r07_s5107_mid_mu0.555512,p5s0c_dev_t5_root07_s5107,5,DEV,0.5555123454255387,0.5262495875358582,0.05505909398198128,4.5,4.0,1,0.5,"{""3.0"": 0.0, ""3.5"": 0.0, ""4.0"": 0.5, ""4.5"": 0.9166666666666666, ""5.0"": 1.0, ""5.5"": 0.0, ""6.0"": 0.0}"
p5s0c_dev_t5_r07_s5107_high_mu0.960037,p5s0c_dev_t5_root07_s5107,5,DEV,0.9600366003423394,1.0827667713165283,0.07317633181810379,4.0,3.0,1,1.0,"{""3.0"": 0.5, ""3.5"": 0.0, ""4.0"": 1.0, ""4.5"": 1.0, ""5.0"": 1.0, ""5.5"": 0.0, ""6.0"": 0.0}"
p5s0c_dev_t6_r06_s5106_low_mu0.210449,p5s0c_dev_t6_root06_s5106,6,DEV,0.210448504464096,0.1646779328584671,0.05905286967754364,3.5,3.0,1,0.5,"{""3.0"": 0.75, ""3.5"": 1.0, ""4.0"": 1.0, ""4.5"": 0.0, ""5.0"": 0.0, ""5.5"": 0.0, ""6.0"": 0.0}"
p5s0c_dev_t6_r06_s5106_mid_mu0.569177,p5s0c_dev_t6_root06_s5106,6,DEV,0.569177278763916,0.4836267828941345,0.062400974333286285,3.5,3.0,1,0.5,"{""3.0"": 0.75, ""3.5"": 1.0, ""4.0"": 1.0, ""4.5"": 0.0, ""5.0"": 0.0, ""5.5"": 0.0, ""6.0"": 0.0}"
p5s0c_dev_t6_r06_s5106_high_mu0.911169,p5s0c_dev_t6_root06_s5106,6,DEV,0.911168502048108,0.9626513123512268,0.0594022199511528,3.5,3.0,1,0.5,"{""3.0"": 0.75, ""3.5"": 1.0, ""4.0"": 1.0, ""4.5"": 0.0, ""5.0"": 0.0, ""5.5"": 0.0, ""6.0"": 0.0}"
p5s0c_dev_t6_r07_s5107_low_mu0.233902,p5s0c_dev_t6_root07_s5107,6,DEV,0.2339024543861059,0.19325940310955048,0.06015539541840553,3.5,3.5,1,0.0,"{""3.0"": 0.75, ""3.5"": 1.0, ""4.0"": 1.0, ""4.5"": 0.0, ""5.0"": 0.0, ""5.5"": 0.0, ""6.0"": 0.0}"
p5s0c_dev_t6_r07_s5107_mid_mu0.522882,p5s0c_dev_t6_root07_s5107,6,DEV,0.5228824585854834,0.3978118896484375,0.05991712585091591,3.5,3.0,1,0.5,"{""3.0"": 0.75, ""3.5"": 1.0, ""4.0"": 1.0, ""4.5"": 0.0, ""5.0"": 0.0, ""5.5"": 0.0, ""6.0"": 0.0}"
p5s0c_dev_t6_r07_s5107_high_mu0.971507,p5s0c_dev_t6_root07_s5107,6,DEV,0.9715069289124254,0.8179364800453186,0.058520860970020294,3.5,3.0,1,0.5,"{""3.0"": 0.75, ""3.5"": 1.0, ""4.0"": 1.0, ""4.5"": 0.0, ""5.0"": 0.0, ""5.5"": 0.0, ""6.0"": 0.0}"
p5s0c_test_t0_r08_s5108_low_mu0.267482,p5s0c_test_t0_root08_s5108,0,TEST,0.2674822115103529,0.2763756513595581,0.05004996061325073,4.5,4.5,1,0.0,"{""3.0"": 0.0, ""3.5"": 0.0, ""4.0"": 0.5, ""4.5"": 1.0, ""5.0"": 1.0, ""5.5"": 0.0, ""6.0"": 0.0}"
p5s0c_test_t0_r08_s5108_mid_mu0.499104,p5s0c_test_t0_root08_s5108,0,TEST,0.4991042120886148,0.5633327960968018,0.05033959075808525,4.5,4.0,1,0.5,"{""3.0"": 0.0, ""3.5"": 0.0, ""4.0"": 0.5, ""4.5"": 1.0, ""5.0"": 1.0, ""5.5"": 0.0, ""6.0"": 0.0}"
p5s0c_test_t0_r08_s5108_high_mu0.933258,p5s0c_test_t0_root08_s5108,0,TEST,0.9332580059786012,0.9115322232246399,0.05320517718791962,4.0,3.0,1,1.0,"{""3.0"": 0.5, ""3.5"": 0.0, ""4.0"": 1.0, ""4.5"": 1.0, ""5.0"": 1.0, ""5.5"": 0.0, ""6.0"": 0.0}"
p5s0c_test_t0_r09_s5109_low_mu0.256125,p5s0c_test_t0_root09_s5109,0,TEST,0.2561249693238189,0.3028627038002014,0.04806899651885033,4.5,4.5,1,0.0,"{""3.0"": 0.0, ""3.5"": 0.0, ""4.0"": 0.5, ""4.5"": 1.0, ""5.0"": 1.0, ""5.5"": 0.0, ""6.0"": 0.0}"
p5s0c_test_t0_r09_s5109_mid_mu0.483186,p5s0c_test_t0_root09_s5109,0,TEST,0.4831864837456221,0.4866957664489746,0.049034398049116135,4.5,4.0,1,0.5,"{""3.0"": 0.0, ""3.5"": 0.0, ""4.0"": 0.5, ""4.5"": 1.0, ""5.0"": 1.0, ""5.5"": 0.0, ""6.0"": 0.0}"
p5s0c_test_t0_r09_s5109_high_mu0.928450,p5s0c_test_t0_root09_s5109,0,TEST,0.9284498333172938,0.9020055532455444,0.05190322548151016,4.0,3.0,1,1.0,"{""3.0"": 0.5, ""3.5"": 0.0, ""4.0"": 1.0, ""4.5"": 1.0, ""5.0"": 1.0, ""5.5"": 0.0, ""6.0"": 0.0}"
p5s0c_test_t0_r10_s5110_low_mu0.246922,p5s0c_test_t0_root10_s5110,0,TEST,0.2469216254159692,0.31544244289398193,0.048057448118925095,4.5,4.5,1,0.0,"{""3.0"": 0.0, ""3.5"": 0.0, ""4.0"": 0.5, ""4.5"": 1.0, ""5.0"": 1.0, ""5.5"": 0.0, ""6.0"": 0.0}"
p5s0c_test_t0_r10_s5110_mid_mu0.459307,p5s0c_test_t0_root10_s5110,0,TEST,0.4593074511620376,0.5324409604072571,0.050272244960069656,4.5,4.0,1,0.5,"{""3.0"": 0.0, ""3.5"": 0.0, ""4.0"": 0.5, ""4.5"": 1.0, ""5.0"": 1.0, ""5.5"": 0.0, ""6.0"": 0.0}"
p5s0c_test_t0_r10_s5110_high_mu0.965854,p5s0c_test_t0_root10_s5110,0,TEST,0.9658543928045288,0.9388967752456665,0.054041262716054916,4.0,3.0,1,1.0,"{""3.0"": 0.5, ""3.5"": 0.0, ""4.0"": 1.0, ""4.5"": 1.0, ""5.0"": 1.0, ""5.5"": 0.0, ""6.0"": 0.0}"
p5s0c_test_t0_r11_s5111_low_mu0.296027,p5s0c_test_t0_root11_s5111,0,TEST,0.2960273891943319,0.3121284246444702,0.04817468672990799,4.5,4.5,1,0.0,"{""3.0"": 0.0, ""3.5"": 0.0, ""4.0"": 0.5, ""4.5"": 1.0, ""5.0"": 1.0, ""5.5"": 0.0, ""6.0"": 0.0}"
p5s0c_test_t0_r11_s5111_mid_mu0.511841,p5s0c_test_t0_root11_s5111,0,TEST,0.5118406297435366,0.557559609413147,0.049846306443214417,4.5,4.0,1,0.5,"{""3.0"": 0.0, ""3.5"": 0.0, ""4.0"": 0.5, ""4.5"": 1.0, ""5.0"": 1.0, ""5.5"": 0.0, ""6.0"": 0.0}"
p5s0c_test_t0_r11_s5111_high_mu0.947534,p5s0c_test_t0_root11_s5111,0,TEST,0.9475340431282177,0.949612021446228,0.0535956472158432,4.0,3.0,1,1.0,"{""3.0"": 0.5, ""3.5"": 0.0, ""4.0"": 1.0, ""4.5"": 1.0, ""5.0"": 1.0, ""5.5"": 0.0, ""6.0"": 0.0}"
p5s0c_test_t1_r08_s5108_low_mu0.258914,p5s0c_test_t1_root08_s5108,1,TEST,0.2589137266358619,0.1708972007036209,0.05001028627157211,6.0,6.0,1,0.0,"{""3.0"": 0.0, ""3.5"": 0.0, ""4.0"": 0.08333333333333333, ""4.5"": 0.4166666666666667, ""5.0"": 0.5, ""5.5"": 0.6666666666666666, ""6.0"": 0.9166666666666666}"
p5s0c_test_t1_r08_s5108_mid_mu0.507799,p5s0c_test_t1_root08_s5108,1,TEST,0.5077986605848918,0.4765307307243347,0.04918947070837021,6.0,4.5,1,1.5,"{""3.0"": 0.0, ""3.5"": 0.0, ""4.0"": 0.08333333333333333, ""4.5"": 0.4166666666666667, ""5.0"": 0.5, ""5.5"": 0.6666666666666666, ""6.0"": 0.9166666666666666}"
p5s0c_test_t1_r08_s5108_high_mu0.931731,p5s0c_test_t1_root08_s5108,1,TEST,0.931730503072882,0.9847865700721741,0.0584159791469574,4.5,4.0,1,0.5,"{""3.0"": 0.0, ""3.5"": 0.0, ""4.0"": 0.5833333333333334, ""4.5"": 0.9166666666666666, ""5.0"": 1.0, ""5.5"": 1.0, ""6.0"": 1.0}"
p5s0c_test_t1_r09_s5109_low_mu0.269281,p5s0c_test_t1_root09_s5109,1,TEST,0.2692813652529258,0.24387851357460022,0.04839835688471794,6.0,6.0,1,0.0,"{""3.0"": 0.0, ""3.5"": 0.0, ""4.0"": 0.08333333333333333, ""4.5"": 0.4166666666666667, ""5.0"": 0.5, ""5.5"": 0.6666666666666666, ""6.0"": 0.9166666666666666}"
p5s0c_test_t1_r09_s5109_mid_mu0.519816,p5s0c_test_t1_root09_s5109,1,TEST,0.5198161355632988,0.5214972496032715,0.048856548964977264,6.0,4.5,1,1.5,"{""3.0"": 0.0, ""3.5"": 0.0, ""4.0"": 0.08333333333333333, ""4.5"": 0.4166666666666667, ""5.0"": 0.5, ""5.5"": 0.6666666666666666, ""6.0"": 0.9166666666666666}"
p5s0c_test_t1_r09_s5109_high_mu0.922940,p5s0c_test_t1_root09_s5109,1,TEST,0.9229400559652272,0.9885559678077698,0.05754581838846207,4.5,4.0,1,0.5,"{""3.0"": 0.0, ""3.5"": 0.0, ""4.0"": 0.5833333333333334, ""4.5"": 0.9166666666666666, ""5.0"": 1.0, ""5.5"": 1.0, ""6.0"": 1.0}"
p5s0c_test_t1_r10_s5110_low_mu0.276521,p5s0c_test_t1_root10_s5110,1,TEST,0.2765211847843557,0.2616875171661377,0.04743510112166405,6.0,5.5,1,0.5,"{""3.0"": 0.0, ""3.5"": 0.0, ""4.0"": 0.08333333333333333, ""4.5"": 0.4166666666666667, ""5.0"": 0.5, ""5.5"": 0.6666666666666666, ""6.0"": 0.9166666666666666}"
p5s0c_test_t1_r10_s5110_mid_mu0.557307,p5s0c_test_t1_root10_s5110,1,TEST,0.5573074412236266,0.5336730480194092,0.048193931579589844,6.0,4.5,1,1.5,"{""3.0"": 0.0, ""3.5"": 0.0, ""4.0"": 0.08333333333333333, ""4.5"": 0.4166666666666667, ""5.0"": 0.5, ""5.5"": 0.6666666666666666, ""6.0"": 0.9166666666666666}"
p5s0c_test_t1_r10_s5110_high_mu0.989762,p5s0c_test_t1_root10_s5110,1,TEST,0.9897617626431056,0.9730117917060852,0.05584070086479187,4.5,4.0,1,0.5,"{""3.0"": 0.0, ""3.5"": 0.0, ""4.0"": 0.5833333333333334, ""4.5"": 0.9166666666666666, ""5.0"": 1.0, ""5.5"": 1.0, ""6.0"": 1.0}"
p5s0c_test_t1_r11_s5111_low_mu0.205248,p5s0c_test_t1_root11_s5111,1,TEST,0.2052482324503927,0.1903541088104248,0.05006933957338333,6.0,6.0,1,0.0,"{""3.0"": 0.0, ""3.5"": 0.0, ""4.0"": 0.08333333333333333, ""4.5"": 0.4166666666666667, ""5.0"": 0.5, ""5.5"": 0.6666666666666666, ""6.0"": 0.9166666666666666}"
p5s0c_test_t1_r11_s5111_mid_mu0.594066,p5s0c_test_t1_root11_s5111,1,TEST,0.5940658783003948,0.659659206867218,0.05184028297662735,4.5,4.5,1,0.0,"{""3.0"": 0.0, ""3.5"": 0.0, ""4.0"": 0.5833333333333334, ""4.5"": 0.9166666666666666, ""5.0"": 1.0, ""5.5"": 1.0, ""6.0"": 1.0}"
p5s0c_test_t1_r11_s5111_high_mu0.923745,p5s0c_test_t1_root11_s5111,1,TEST,0.9237451676399364,0.9614700078964233,0.057894736528396606,4.5,4.0,1,0.5,"{""3.0"": 0.0, ""3.5"": 0.0, ""4.0"": 0.5833333333333334, ""4.5"": 0.9166666666666666, ""5.0"": 1.0, ""5.5"": 1.0, ""6.0"": 1.0}"
p5s0c_test_t5_r08_s5108_low_mu0.281022,p5s0c_test_t5_root08_s5108,5,TEST,0.2810223546644395,0.4632456302642822,0.05249400436878204,4.5,4.5,1,0.0,"{""3.0"": 0.0, ""3.5"": 0.0, ""4.0"": 0.5, ""4.5"": 0.9166666666666666, ""5.0"": 1.0, ""5.5"": 0.0, ""6.0"": 0.0}"
p5s0c_test_t5_r08_s5108_mid_mu0.472511,p5s0c_test_t5_root08_s5108,5,TEST,0.4725107627202033,0.47629934549331665,0.05082257464528084,4.5,4.0,1,0.5,"{""3.0"": 0.0, ""3.5"": 0.0, ""4.0"": 0.5, ""4.5"": 0.9166666666666666, ""5.0"": 1.0, ""5.5"": 0.0, ""6.0"": 0.0}"
p5s0c_test_t5_r08_s5108_high_mu0.916302,p5s0c_test_t5_root08_s5108,5,TEST,0.9163017970555052,0.6605652570724487,0.05564037710428238,4.0,3.0,1,1.0,"{""3.0"": 0.5, ""3.5"": 0.0, ""4.0"": 1.0, ""4.5"": 1.0, ""5.0"": 1.0, ""5.5"": 0.0, ""6.0"": 0.0}"
p5s0c_test_t5_r09_s5109_low_mu0.219817,p5s0c_test_t5_root09_s5109,5,TEST,0.2198165468366217,0.28966158628463745,0.049260061234235764,4.5,5.0,0,0.5,"{""3.0"": 0.0, ""3.5"": 0.0, ""4.0"": 0.5, ""4.5"": 0.9166666666666666, ""5.0"": 1.0, ""5.5"": 0.0, ""6.0"": 0.0}"
p5s0c_test_t5_r09_s5109_mid_mu0.511935,p5s0c_test_t5_root09_s5109,5,TEST,0.5119353501425179,0.37959539890289307,0.049567610025405884,4.5,4.0,1,0.5,"{""3.0"": 0.0, ""3.5"": 0.0, ""4.0"": 0.5, ""4.5"": 0.9166666666666666, ""5.0"": 1.0, ""5.5"": 0.0, ""6.0"": 0.0}"
p5s0c_test_t5_r09_s5109_high_mu0.914121,p5s0c_test_t5_root09_s5109,5,TEST,0.9141211191134748,0.8550451397895813,0.06251779198646545,4.0,3.0,1,1.0,"{""3.0"": 0.5, ""3.5"": 0.0, ""4.0"": 1.0, ""4.5"": 1.0, ""5.0"": 1.0, ""5.5"": 0.0, ""6.0"": 0.0}"
p5s0c_test_t5_r10_s5110_low_mu0.241595,p5s0c_test_t5_root10_s5110,5,TEST,0.2415946392644449,0.27564340829849243,0.0495857298374176,4.5,4.5,1,0.0,"{""3.0"": 0.0, ""3.5"": 0.0, ""4.0"": 0.5, ""4.5"": 0.9166666666666666, ""5.0"": 1.0, ""5.5"": 0.0, ""6.0"": 0.0}"
p5s0c_test_t5_r10_s5110_mid_mu0.558928,p5s0c_test_t5_root10_s5110,5,TEST,0.5589278760538872,0.4437286853790283,0.05066240578889847,4.5,4.0,1,0.5,"{""3.0"": 0.0, ""3.5"": 0.0, ""4.0"": 0.5, ""4.5"": 0.9166666666666666, ""5.0"": 1.0, ""5.5"": 0.0, ""6.0"": 0.0}"
p5s0c_test_t5_r10_s5110_high_mu0.927931,p5s0c_test_t5_root10_s5110,5,TEST,0.927930787824814,0.8853757977485657,0.06325574964284897,4.0,3.0,1,1.0,"{""3.0"": 0.5, ""3.5"": 0.0, ""4.0"": 1.0, ""4.5"": 1.0, ""5.0"": 1.0, ""5.5"": 0.0, ""6.0"": 0.0}"
p5s0c_test_t5_r11_s5111_low_mu0.268178,p5s0c_test_t5_root11_s5111,5,TEST,0.268177933747641,0.25442418456077576,0.05013106018304825,4.5,4.5,1,0.0,"{""3.0"": 0.0, ""3.5"": 0.0, ""4.0"": 0.5, ""4.5"": 0.9166666666666666, ""5.0"": 1.0, ""5.5"": 0.0, ""6.0"": 0.0}"
p5s0c_test_t5_r11_s5111_mid_mu0.515846,p5s0c_test_t5_root11_s5111,5,TEST,0.515846448574493,0.5923963785171509,0.053742337971925735,4.5,4.0,1,0.5,"{""3.0"": 0.08333333333333333, ""3.5"": 0.0, ""4.0"": 0.5833333333333334, ""4.5"": 1.0, ""5.0"": 1.0, ""5.5"": 0.0, ""6.0"": 0.0}"
p5s0c_test_t5_r11_s5111_high_mu0.923760,p5s0c_test_t5_root11_s5111,5,TEST,0.9237597683750104,1.0610250234603882,0.07297488301992416,4.0,3.0,1,1.0,"{""3.0"": 0.5, ""3.5"": 0.0, ""4.0"": 1.0, ""4.5"": 1.0, ""5.0"": 1.0, ""5.5"": 0.0, ""6.0"": 0.0}"
p5s0c_test_t6_r08_s5108_low_mu0.285949,p5s0c_test_t6_root08_s5108,6,TEST,0.2859488053187271,0.3190948963165283,0.056640226393938065,3.5,3.0,1,0.5,"{""3.0"": 0.75, ""3.5"": 1.0, ""4.0"": 1.0, ""4.5"": 0.0, ""5.0"": 0.0, ""5.5"": 0.0, ""6.0"": 0.0}"
p5s0c_test_t6_r08_s5108_mid_mu0.589667,p5s0c_test_t6_root08_s5108,6,TEST,0.5896674573789578,0.6369556188583374,0.05465991795063019,3.5,3.0,1,0.5,"{""3.0"": 0.75, ""3.5"": 1.0, ""4.0"": 1.0, ""4.5"": 0.0, ""5.0"": 0.0, ""5.5"": 0.0, ""6.0"": 0.0}"
p5s0c_test_t6_r08_s5108_high_mu0.916654,p5s0c_test_t6_root08_s5108,6,TEST,0.9166536478590028,0.9794783592224121,0.05805196613073349,3.5,3.5,1,0.0,"{""3.0"": 0.75, ""3.5"": 1.0, ""4.0"": 1.0, ""4.5"": 0.0, ""5.0"": 0.0, ""5.5"": 0.0, ""6.0"": 0.0}"
p5s0c_test_t6_r09_s5109_low_mu0.212285,p5s0c_test_t6_root09_s5109,6,TEST,0.2122846630591167,0.4953390955924988,0.05983471870422363,3.5,3.0,1,0.5,"{""3.0"": 0.75, ""3.5"": 1.0, ""4.0"": 1.0, ""4.5"": 0.0, ""5.0"": 0.0, ""5.5"": 0.0, ""6.0"": 0.0}"
p5s0c_test_t6_r09_s5109_mid_mu0.500794,p5s0c_test_t6_root09_s5109,6,TEST,0.5007939750128186,0.35161852836608887,0.05856214836239815,3.5,3.0,1,0.5,"{""3.0"": 0.75, ""3.5"": 1.0, ""4.0"": 1.0, ""4.5"": 0.0, ""5.0"": 0.0, ""5.5"": 0.0, ""6.0"": 0.0}"
p5s0c_test_t6_r09_s5109_high_mu0.973763,p5s0c_test_t6_root09_s5109,6,TEST,0.9737629202847972,1.0014153718948364,0.06199820339679718,3.5,3.5,1,0.0,"{""3.0"": 0.75, ""3.5"": 1.0, ""4.0"": 1.0, ""4.5"": 0.0, ""5.0"": 0.0, ""5.5"": 0.0, ""6.0"": 0.0}"
p5s0c_test_t6_r10_s5110_low_mu0.252659,p5s0c_test_t6_root10_s5110,6,TEST,0.252658536073917,0.35027796030044556,0.06315791606903076,3.5,3.0,1,0.5,"{""3.0"": 0.75, ""3.5"": 1.0, ""4.0"": 1.0, ""4.5"": 0.0, ""5.0"": 0.0, ""5.5"": 0.0, ""6.0"": 0.0}"
p5s0c_test_t6_r10_s5110_mid_mu0.481102,p5s0c_test_t6_root10_s5110,6,TEST,0.4811023924793273,0.5155375003814697,0.058484915643930435,3.5,3.0,1,0.5,"{""3.0"": 0.75, ""3.5"": 1.0, ""4.0"": 1.0, ""4.5"": 0.0, ""5.0"": 0.0, ""5.5"": 0.0, ""6.0"": 0.0}"
p5s0c_test_t6_r10_s5110_high_mu0.987733,p5s0c_test_t6_root10_s5110,6,TEST,0.987732798590089,1.0008162260055542,0.05989496037364006,3.5,3.0,1,0.5,"{""3.0"": 0.75, ""3.5"": 1.0, ""4.0"": 1.0, ""4.5"": 0.0, ""5.0"": 0.0, ""5.5"": 0.0, ""6.0"": 0.0}"
p5s0c_test_t6_r11_s5111_low_mu0.212521,p5s0c_test_t6_root11_s5111,6,TEST,0.212521463342134,0.4191802144050598,0.06000865623354912,3.5,3.5,1,0.0,"{""3.0"": 0.75, ""3.5"": 1.0, ""4.0"": 1.0, ""4.5"": 0.0, ""5.0"": 0.0, ""5.5"": 0.0, ""6.0"": 0.0}"
p5s0c_test_t6_r11_s5111_mid_mu0.483652,p5s0c_test_t6_root11_s5111,6,TEST,0.4836522099619362,0.509243905544281,0.058856766670942307,3.5,3.0,1,0.5,"{""3.0"": 0.75, ""3.5"": 1.0, ""4.0"": 1.0, ""4.5"": 0.0, ""5.0"": 0.0, ""5.5"": 0.0, ""6.0"": 0.0}"
p5s0c_test_t6_r11_s5111_high_mu0.906536,p5s0c_test_t6_root11_s5111,6,TEST,0.9065357212447386,0.9928007125854492,0.06214370205998421,3.5,3.5,1,0.0,"{""3.0"": 0.75, ""3.5"": 1.0, ""4.0"": 1.0, ""4.5"": 0.0, ""5.0"": 0.0, ""5.5"": 0.0, ""6.0"": 0.0}"
