context_id,root_id,task,friction_band,hidden_friction_analysis_only,stratum_index,stratum_low_N,stratum_high_N,requested_force_N,sample_rng_seed,rounded,unique_within_context,on_existing_0p5_lattice
p5s0c_train_t0_r00_s5100_high_mu0.940189,p5s0c_train_t0_root00_s5100,0,HIGH,0.9401893373882813,1,3.0,3.4,3.2029647423914454,2026083031,False,1,0
p5s0c_train_t0_r00_s5100_high_mu0.940189,p5s0c_train_t0_root00_s5100,0,HIGH,0.9401893373882813,2,3.4,3.8,3.4501044015152598,2026083031,False,1,0
p5s0c_train_t0_r00_s5100_high_mu0.940189,p5s0c_train_t0_root00_s5100,0,HIGH,0.9401893373882813,3,3.8,4.2,3.9325538659954553,2026083031,False,1,0
p5s0c_train_t0_r00_s5100_high_mu0.940189,p5s0c_train_t0_root00_s5100,0,HIGH,0.9401893373882813,4,4.2,4.6,4.597131691690806,2026083031,False,1,0
p5s0c_train_t0_r00_s5100_high_mu0.940189,p5s0c_train_t0_root00_s5100,0,HIGH,0.9401893373882813,5,4.6,5.0,4.8981073830186554,2026083031,False,1,0
p5s0c_train_t0_r00_s5100_low_mu0.293710,p5s0c_train_t0_root00_s5100,0,LOW,0.2937102019159983,1,3.0,3.4,3.3274269914534806,2026083031,False,1,0
p5s0c_train_t0_r00_s5100_low_mu0.293710,p5s0c_train_t0_root00_s5100,0,LOW,0.2937102019159983,2,3.4,3.8,3.5804616000261396,2026083031,False,1,0
p5s0c_train_t0_r00_s5100_low_mu0.293710,p5s0c_train_t0_root00_s5100,0,LOW,0.2937102019159983,3,3.8,4.2,4.1951268916184405,2026083031,False,1,0
p5s0c_train_t0_r00_s5100_low_mu0.293710,p5s0c_train_t0_root00_s5100,0,LOW,0.2937102019159983,4,4.2,4.6,4.225682863145822,2026083031,False,1,0
p5s0c_train_t0_r00_s5100_low_mu0.293710,p5s0c_train_t0_root00_s5100,0,LOW,0.2937102019159983,5,4.6,5.0,4.899172114786442,2026083031,False,1,0
p5s0c_train_t0_r00_s5100_mid_mu0.450580,p5s0c_train_t0_root00_s5100,0,MID,0.45058012388233365,1,3.0,3.4,3.1149682915557113,2026083031,False,1,0
p5s0c_train_t0_r00_s5100_mid_mu0.450580,p5s0c_train_t0_root00_s5100,0,MID,0.45058012388233365,2,3.4,3.8,3.5841809148911308,2026083031,False,1,0
p5s0c_train_t0_r00_s5100_mid_mu0.450580,p5s0c_train_t0_root00_s5100,0,MID,0.45058012388233365,3,3.8,4.2,3.868479176527506,2026083031,False,1,0
p5s0c_train_t0_r00_s5100_mid_mu0.450580,p5s0c_train_t0_root00_s5100,0,MID,0.45058012388233365,4,4.2,4.6,4.239612216196188,2026083031,False,1,0
p5s0c_train_t0_r00_s5100_mid_mu0.450580,p5s0c_train_t0_root00_s5100,0,MID,0.45058012388233365,5,4.6,5.0,4.8985046170256945,2026083031,False,1,0
p5s0c_train_t0_r01_s5101_high_mu0.988466,p5s0c_train_t0_root01_s5101,0,HIGH,0.9884659937733329,1,3.0,3.4,3.267251748830606,2026083031,False,1,0
p5s0c_train_t0_r01_s5101_high_mu0.988466,p5s0c_train_t0_root01_s5101,0,HIGH,0.9884659937733329,2,3.4,3.8,3.5719130813229065,2026083031,False,1,0
p5s0c_train_t0_r01_s5101_high_mu0.988466,p5s0c_train_t0_root01_s5101,0,HIGH,0.9884659937733329,3,3.8,4.2,4.136133001828375,2026083031,False,1,0
p5s0c_train_t0_r01_s5101_high_mu0.988466,p5s0c_train_t0_root01_s5101,0,HIGH,0.9884659937733329,4,4.2,4.6,4.557399724766146,2026083031,False,1,0
p5s0c_train_t0_r01_s5101_high_mu0.988466,p5s0c_train_t0_root01_s5101,0,HIGH,0.9884659937733329,5,4.6,5.0,4.678691249620773,2026083031,False,1,0
p5s0c_train_t0_r01_s5101_low_mu0.255969,p5s0c_train_t0_root01_s5101,0,LOW,0.25596920461819556,1,3.0,3.4,3.1219674552060077,2026083031,False,1,0
p5s0c_train_t0_r01_s5101_low_mu0.255969,p5s0c_train_t0_root01_s5101,0,LOW,0.25596920461819556,2,3.4,3.8,3.6888028476897534,2026083031,False,1,0
p5s0c_train_t0_r01_s5101_low_mu0.255969,p5s0c_train_t0_root01_s5101,0,LOW,0.25596920461819556,3,3.8,4.2,3.942358965459201,2026083031,False,1,0
p5s0c_train_t0_r01_s5101_low_mu0.255969,p5s0c_train_t0_root01_s5101,0,LOW,0.25596920461819556,4,4.2,4.6,4.232428603806659,2026083031,False,1,0
p5s0c_train_t0_r01_s5101_low_mu0.255969,p5s0c_train_t0_root01_s5101,0,LOW,0.25596920461819556,5,4.6,5.0,4.829316480382576,2026083031,False,1,0
p5s0c_train_t0_r01_s5101_mid_mu0.592177,p5s0c_train_t0_root01_s5101,0,MID,0.5921771020907431,1,3.0,3.4,3.067545649434074,2026083031,False,1,0
p5s0c_train_t0_r01_s5101_mid_mu0.592177,p5s0c_train_t0_root01_s5101,0,MID,0.5921771020907431,2,3.4,3.8,3.706328022674844,2026083031,False,1,0
p5s0c_train_t0_r01_s5101_mid_mu0.592177,p5s0c_train_t0_root01_s5101,0,MID,0.5921771020907431,3,3.8,4.2,4.150897619720806,2026083031,False,1,0
p5s0c_train_t0_r01_s5101_mid_mu0.592177,p5s0c_train_t0_root01_s5101,0,MID,0.5921771020907431,4,4.2,4.6,4.379634025984292,2026083031,False,1,0
p5s0c_train_t0_r01_s5101_mid_mu0.592177,p5s0c_train_t0_root01_s5101,0,MID,0.5921771020907431,5,4.6,5.0,4.730989807622448,2026083031,False,1,0
p5s0c_train_t0_r02_s5102_high_mu0.974655,p5s0c_train_t0_root02_s5102,0,HIGH,0.9746549647633304,1,3.0,3.4,3.1907854798487083,2026083031,False,1,0
p5s0c_train_t0_r02_s5102_high_mu0.974655,p5s0c_train_t0_root02_s5102,0,HIGH,0.9746549647633304,2,3.4,3.8,3.4008762237416743,2026083031,False,1,0
p5s0c_train_t0_r02_s5102_high_mu0.974655,p5s0c_train_t0_root02_s5102,0,HIGH,0.9746549647633304,3,3.8,4.2,4.193212205714488,2026083031,False,1,0
p5s0c_train_t0_r02_s5102_high_mu0.974655,p5s0c_train_t0_root02_s5102,0,HIGH,0.9746549647633304,4,4.2,4.6,4.428610485412011,2026083031,False,1,0
p5s0c_train_t0_r02_s5102_high_mu0.974655,p5s0c_train_t0_root02_s5102,0,HIGH,0.9746549647633304,5,4.6,5.0,4.612146250360485,2026083031,False,1,0
p5s0c_train_t0_r02_s5102_low_mu0.285139,p5s0c_train_t0_root02_s5102,0,LOW,0.2851387636485543,1,3.0,3.4,3.3044451998703446,2026083031,False,1,0
p5s0c_train_t0_r02_s5102_low_mu0.285139,p5s0c_train_t0_root02_s5102,0,LOW,0.2851387636485543,2,3.4,3.8,3.484570775284657,2026083031,False,1,0
p5s0c_train_t0_r02_s5102_low_mu0.285139,p5s0c_train_t0_root02_s5102,0,LOW,0.2851387636485543,3,3.8,4.2,4.191219974510905,2026083031,False,1,0
p5s0c_train_t0_r02_s5102_low_mu0.285139,p5s0c_train_t0_root02_s5102,0,LOW,0.2851387636485543,4,4.2,4.6,4.53748219249262,2026083031,False,1,0
p5s0c_train_t0_r02_s5102_low_mu0.285139,p5s0c_train_t0_root02_s5102,0,LOW,0.2851387636485543,5,4.6,5.0,4.78416089893309,2026083031,False,1,0
p5s0c_train_t0_r02_s5102_mid_mu0.571550,p5s0c_train_t0_root02_s5102,0,MID,0.5715496239149224,1,3.0,3.4,3.301786731255919,2026083031,False,1,0
p5s0c_train_t0_r02_s5102_mid_mu0.571550,p5s0c_train_t0_root02_s5102,0,MID,0.5715496239149224,2,3.4,3.8,3.4234238505617176,2026083031,False,1,0
p5s0c_train_t0_r02_s5102_mid_mu0.571550,p5s0c_train_t0_root02_s5102,0,MID,0.5715496239149224,3,3.8,4.2,3.915237914902276,2026083031,False,1,0
p5s0c_train_t0_r02_s5102_mid_mu0.571550,p5s0c_train_t0_root02_s5102,0,MID,0.5715496239149224,4,4.2,4.6,4.561601689584602,2026083031,False,1,0
p5s0c_train_t0_r02_s5102_mid_mu0.571550,p5s0c_train_t0_root02_s5102,0,MID,0.5715496239149224,5,4.6,5.0,4.615975345568856,2026083031,False,1,0
p5s0c_train_t0_r03_s5103_high_mu0.970453,p5s0c_train_t0_root03_s5103,0,HIGH,0.9704531443351275,1,3.0,3.4,3.397869680808585,2026083031,False,1,0
p5s0c_train_t0_r03_s5103_high_mu0.970453,p5s0c_train_t0_root03_s5103,0,HIGH,0.9704531443351275,2,3.4,3.8,3.6645804592630276,2026083031,False,1,0
p5s0c_train_t0_r03_s5103_high_mu0.970453,p5s0c_train_t0_root03_s5103,0,HIGH,0.9704531443351275,3,3.8,4.2,4.198349120516071,2026083031,False,1,0
p5s0c_train_t0_r03_s5103_high_mu0.970453,p5s0c_train_t0_root03_s5103,0,HIGH,0.9704531443351275,4,4.2,4.6,4.203484502726651,2026083031,False,1,0
p5s0c_train_t0_r03_s5103_high_mu0.970453,p5s0c_train_t0_root03_s5103,0,HIGH,0.9704531443351275,5,4.6,5.0,4.922836541163274,2026083031,False,1,0
p5s0c_train_t0_r03_s5103_low_mu0.233498,p5s0c_train_t0_root03_s5103,0,LOW,0.23349769395754352,1,3.0,3.4,3.3336589360618754,2026083031,False,1,0
p5s0c_train_t0_r03_s5103_low_mu0.233498,p5s0c_train_t0_root03_s5103,0,LOW,0.23349769395754352,2,3.4,3.8,3.4688173991340596,2026083031,False,1,0
p5s0c_train_t0_r03_s5103_low_mu0.233498,p5s0c_train_t0_root03_s5103,0,LOW,0.23349769395754352,3,3.8,4.2,4.122729430797518,2026083031,False,1,0
p5s0c_train_t0_r03_s5103_low_mu0.233498,p5s0c_train_t0_root03_s5103,0,LOW,0.23349769395754352,4,4.2,4.6,4.423169348756639,2026083031,False,1,0
p5s0c_train_t0_r03_s5103_low_mu0.233498,p5s0c_train_t0_root03_s5103,0,LOW,0.23349769395754352,5,4.6,5.0,4.960470832047788,2026083031,False,1,0
p5s0c_train_t0_r03_s5103_mid_mu0.554454,p5s0c_train_t0_root03_s5103,0,MID,0.5544542093115656,1,3.0,3.4,3.3542693842279907,2026083031,False,1,0
p5s0c_train_t0_r03_s5103_mid_mu0.554454,p5s0c_train_t0_root03_s5103,0,MID,0.5544542093115656,2,3.4,3.8,3.536258992316307,2026083031,False,1,0
p5s0c_train_t0_r03_s5103_mid_mu0.554454,p5s0c_train_t0_root03_s5103,0,MID,0.5544542093115656,3,3.8,4.2,3.823228162939641,2026083031,False,1,0
p5s0c_train_t0_r03_s5103_mid_mu0.554454,p5s0c_train_t0_root03_s5103,0,MID,0.5544542093115656,4,4.2,4.6,4.505821501921208,2026083031,False,1,0
p5s0c_train_t0_r03_s5103_mid_mu0.554454,p5s0c_train_t0_root03_s5103,0,MID,0.5544542093115656,5,4.6,5.0,4.81813162942436,2026083031,False,1,0
p5s0c_train_t0_r04_s5104_high_mu0.905657,p5s0c_train_t0_root04_s5104,0,HIGH,0.9056570160733267,1,3.0,3.4,3.395650535552486,2026083031,False,1,0
p5s0c_train_t0_r04_s5104_high_mu0.905657,p5s0c_train_t0_root04_s5104,0,HIGH,0.9056570160733267,2,3.4,3.8,3.7501791374175193,2026083031,False,1,0
p5s0c_train_t0_r04_s5104_high_mu0.905657,p5s0c_train_t0_root04_s5104,0,HIGH,0.9056570160733267,3,3.8,4.2,3.853747570816002,2026083031,False,1,0
p5s0c_train_t0_r04_s5104_high_mu0.905657,p5s0c_train_t0_root04_s5104,0,HIGH,0.9056570160733267,4,4.2,4.6,4.521782552974874,2026083031,False,1,0
p5s0c_train_t0_r04_s5104_high_mu0.905657,p5s0c_train_t0_root04_s5104,0,HIGH,0.9056570160733267,5,4.6,5.0,4.7501816720434284,2026083031,False,1,0
p5s0c_train_t0_r04_s5104_low_mu0.298968,p5s0c_train_t0_root04_s5104,0,LOW,0.2989681415686305,1,3.0,3.4,3.3463605549543933,2026083031,False,1,0
p5s0c_train_t0_r04_s5104_low_mu0.298968,p5s0c_train_t0_root04_s5104,0,LOW,0.2989681415686305,2,3.4,3.8,3.5275338354523913,2026083031,False,1,0
p5s0c_train_t0_r04_s5104_low_mu0.298968,p5s0c_train_t0_root04_s5104,0,LOW,0.2989681415686305,3,3.8,4.2,4.02390188499984,2026083031,False,1,0
p5s0c_train_t0_r04_s5104_low_mu0.298968,p5s0c_train_t0_root04_s5104,0,LOW,0.2989681415686305,4,4.2,4.6,4.315760958917736,2026083031,False,1,0
p5s0c_train_t0_r04_s5104_low_mu0.298968,p5s0c_train_t0_root04_s5104,0,LOW,0.2989681415686305,5,4.6,5.0,4.8646121942607685,2026083031,False,1,0
p5s0c_train_t0_r04_s5104_mid_mu0.572072,p5s0c_train_t0_root04_s5104,0,MID,0.5720723245328282,1,3.0,3.4,3.3051311903557075,2026083031,False,1,0
p5s0c_train_t0_r04_s5104_mid_mu0.572072,p5s0c_train_t0_root04_s5104,0,MID,0.5720723245328282,2,3.4,3.8,3.4957588534464934,2026083031,False,1,0
p5s0c_train_t0_r04_s5104_mid_mu0.572072,p5s0c_train_t0_root04_s5104,0,MID,0.5720723245328282,3,3.8,4.2,4.063549828889162,2026083031,False,1,0
p5s0c_train_t0_r04_s5104_mid_mu0.572072,p5s0c_train_t0_root04_s5104,0,MID,0.5720723245328282,4,4.2,4.6,4.498515023314507,2026083031,False,1,0
p5s0c_train_t0_r04_s5104_mid_mu0.572072,p5s0c_train_t0_root04_s5104,0,MID,0.5720723245328282,5,4.6,5.0,4.6277239896960705,2026083031,False,1,0
p5s0c_train_t0_r05_s5105_high_mu0.913775,p5s0c_train_t0_root05_s5105,0,HIGH,0.913775019025229,1,3.0,3.4,3.1460206603544147,2026083031,False,1,0
p5s0c_train_t0_r05_s5105_high_mu0.913775,p5s0c_train_t0_root05_s5105,0,HIGH,0.913775019025229,2,3.4,3.8,3.4608823958112067,2026083031,False,1,0
p5s0c_train_t0_r05_s5105_high_mu0.913775,p5s0c_train_t0_root05_s5105,0,HIGH,0.913775019025229,3,3.8,4.2,3.9202839517968435,2026083031,False,1,0
p5s0c_train_t0_r05_s5105_high_mu0.913775,p5s0c_train_t0_root05_s5105,0,HIGH,0.913775019025229,4,4.2,4.6,4.254814369293597,2026083031,False,1,0
p5s0c_train_t0_r05_s5105_high_mu0.913775,p5s0c_train_t0_root05_s5105,0,HIGH,0.913775019025229,5,4.6,5.0,4.9913273990690445,2026083031,False,1,0
p5s0c_train_t0_r05_s5105_low_mu0.252358,p5s0c_train_t0_root05_s5105,0,LOW,0.2523584006618226,1,3.0,3.4,3.097658731869344,2026083031,False,1,0
p5s0c_train_t0_r05_s5105_low_mu0.252358,p5s0c_train_t0_root05_s5105,0,LOW,0.2523584006618226,2,3.4,3.8,3.681842360269451,2026083031,False,1,0
p5s0c_train_t0_r05_s5105_low_mu0.252358,p5s0c_train_t0_root05_s5105,0,LOW,0.2523584006618226,3,3.8,4.2,3.8006191494530257,2026083031,False,1,0
p5s0c_train_t0_r05_s5105_low_mu0.252358,p5s0c_train_t0_root05_s5105,0,LOW,0.2523584006618226,4,4.2,4.6,4.243859561731617,2026083031,False,1,0
p5s0c_train_t0_r05_s5105_low_mu0.252358,p5s0c_train_t0_root05_s5105,0,LOW,0.2523584006618226,5,4.6,5.0,4.687651871335493,2026083031,False,1,0
p5s0c_train_t0_r05_s5105_mid_mu0.529333,p5s0c_train_t0_root05_s5105,0,MID,0.5293331885497402,1,3.0,3.4,3.314461214633906,2026083031,False,1,0
p5s0c_train_t0_r05_s5105_mid_mu0.529333,p5s0c_train_t0_root05_s5105,0,MID,0.5293331885497402,2,3.4,3.8,3.4543794517133555,2026083031,False,1,0
p5s0c_train_t0_r05_s5105_mid_mu0.529333,p5s0c_train_t0_root05_s5105,0,MID,0.5293331885497402,3,3.8,4.2,3.897830783725788,2026083031,False,1,0
p5s0c_train_t0_r05_s5105_mid_mu0.529333,p5s0c_train_t0_root05_s5105,0,MID,0.5293331885497402,4,4.2,4.6,4.423970878927225,2026083031,False,1,0
p5s0c_train_t0_r05_s5105_mid_mu0.529333,p5s0c_train_t0_root05_s5105,0,MID,0.5293331885497402,5,4.6,5.0,4.729842036103465,2026083031,False,1,0
p5s0c_train_t1_r00_s5100_high_mu0.921500,p5s0c_train_t1_root00_s5100,1,HIGH,0.9215002256494116,1,4.0,4.4,4.21210095834229,2026083031,False,1,0
p5s0c_train_t1_r00_s5100_high_mu0.921500,p5s0c_train_t1_root00_s5100,1,HIGH,0.9215002256494116,2,4.4,4.8,4.539502146681921,2026083031,False,1,0
p5s0c_train_t1_r00_s5100_high_mu0.921500,p5s0c_train_t1_root00_s5100,1,HIGH,0.9215002256494116,3,4.8,5.2,5.064144012551618,2026083031,False,1,0
p5s0c_train_t1_r00_s5100_high_mu0.921500,p5s0c_train_t1_root00_s5100,1,HIGH,0.9215002256494116,4,5.2,5.6,5.340909749997316,2026083031,False,1,0
p5s0c_train_t1_r00_s5100_high_mu0.921500,p5s0c_train_t1_root00_s5100,1,HIGH,0.9215002256494116,5,5.6,6.0,5.6702052804400624,2026083031,False,1,0
p5s0c_train_t1_r00_s5100_low_mu0.240019,p5s0c_train_t1_root00_s5100,1,LOW,0.24001855706823938,1,4.0,4.4,4.164645625838943,2026083031,False,1,0
p5s0c_train_t1_r00_s5100_low_mu0.240019,p5s0c_train_t1_root00_s5100,1,LOW,0.24001855706823938,2,4.4,4.8,4.421121521276834,2026083031,False,1,0
p5s0c_train_t1_r00_s5100_low_mu0.240019,p5s0c_train_t1_root00_s5100,1,LOW,0.24001855706823938,3,4.8,5.2,5.119637846314241,2026083031,False,1,0
p5s0c_train_t1_r00_s5100_low_mu0.240019,p5s0c_train_t1_root00_s5100,1,LOW,0.24001855706823938,4,5.2,5.6,5.502161488735795,2026083031,False,1,0
p5s0c_train_t1_r00_s5100_low_mu0.240019,p5s0c_train_t1_root00_s5100,1,LOW,0.24001855706823938,5,5.6,6.0,5.859326751521704,2026083031,False,1,0
p5s0c_train_t1_r00_s5100_mid_mu0.467048,p5s0c_train_t1_root00_s5100,1,MID,0.4670478243968788,1,4.0,4.4,4.154801664363949,2026083031,False,1,0
p5s0c_train_t1_r00_s5100_mid_mu0.467048,p5s0c_train_t1_root00_s5100,1,MID,0.4670478243968788,2,4.4,4.8,4.772503047650745,2026083031,False,1,0
p5s0c_train_t1_r00_s5100_mid_mu0.467048,p5s0c_train_t1_root00_s5100,1,MID,0.4670478243968788,3,4.8,5.2,5.023419669736597,2026083031,False,1,0
p5s0c_train_t1_r00_s5100_mid_mu0.467048,p5s0c_train_t1_root00_s5100,1,MID,0.4670478243968788,4,5.2,5.6,5.482512073127117,2026083031,False,1,0
p5s0c_train_t1_r00_s5100_mid_mu0.467048,p5s0c_train_t1_root00_s5100,1,MID,0.4670478243968788,5,5.6,6.0,5.671332546530255,2026083031,False,1,0
p5s0c_train_t1_r01_s5101_high_mu0.920754,p5s0c_train_t1_root01_s5101,1,HIGH,0.9207541147845438,1,4.0,4.4,4.338078926384688,2026083031,False,1,0
p5s0c_train_t1_r01_s5101_high_mu0.920754,p5s0c_train_t1_root01_s5101,1,HIGH,0.9207541147845438,2,4.4,4.8,4.44240793198037,2026083031,False,1,0
p5s0c_train_t1_r01_s5101_high_mu0.920754,p5s0c_train_t1_root01_s5101,1,HIGH,0.9207541147845438,3,4.8,5.2,4.813712498162126,2026083031,False,1,0
p5s0c_train_t1_r01_s5101_high_mu0.920754,p5s0c_train_t1_root01_s5101,1,HIGH,0.9207541147845438,4,5.2,5.6,5.489677305552813,2026083031,False,1,0
p5s0c_train_t1_r01_s5101_high_mu0.920754,p5s0c_train_t1_root01_s5101,1,HIGH,0.9207541147845438,5,5.6,6.0,5.6332451054602055,2026083031,False,1,0
p5s0c_train_t1_r01_s5101_low_mu0.271996,p5s0c_train_t1_root01_s5101,1,LOW,0.27199617452698444,1,4.0,4.4,4.022641498213649,2026083031,False,1,0
p5s0c_train_t1_r01_s5101_low_mu0.271996,p5s0c_train_t1_root01_s5101,1,LOW,0.27199617452698444,2,4.4,4.8,4.557928243459699,2026083031,False,1,0
p5s0c_train_t1_r01_s5101_low_mu0.271996,p5s0c_train_t1_root01_s5101,1,LOW,0.27199617452698444,3,4.8,5.2,5.107717938919584,2026083031,False,1,0
p5s0c_train_t1_r01_s5101_low_mu0.271996,p5s0c_train_t1_root01_s5101,1,LOW,0.27199617452698444,4,5.2,5.6,5.368121340026501,2026083031,False,1,0
p5s0c_train_t1_r01_s5101_low_mu0.271996,p5s0c_train_t1_root01_s5101,1,LOW,0.27199617452698444,5,5.6,6.0,5.658111754514343,2026083031,False,1,0
p5s0c_train_t1_r01_s5101_mid_mu0.506177,p5s0c_train_t1_root01_s5101,1,MID,0.5061774499381578,1,4.0,4.4,4.2478906691026745,2026083031,False,1,0
p5s0c_train_t1_r01_s5101_mid_mu0.506177,p5s0c_train_t1_root01_s5101,1,MID,0.5061774499381578,2,4.4,4.8,4.680680042814863,2026083031,False,1,0
p5s0c_train_t1_r01_s5101_mid_mu0.506177,p5s0c_train_t1_root01_s5101,1,MID,0.5061774499381578,3,4.8,5.2,5.087600296865551,2026083031,False,1,0
p5s0c_train_t1_r01_s5101_mid_mu0.506177,p5s0c_train_t1_root01_s5101,1,MID,0.5061774499381578,4,5.2,5.6,5.5671673435935345,2026083031,False,1,0
p5s0c_train_t1_r01_s5101_mid_mu0.506177,p5s0c_train_t1_root01_s5101,1,MID,0.5061774499381578,5,5.6,6.0,5.920660595226906,2026083031,False,1,0
p5s0c_train_t1_r02_s5102_high_mu0.917516,p5s0c_train_t1_root02_s5102,1,HIGH,0.9175159521214378,1,4.0,4.4,4.046544282374859,2026083031,False,1,0
p5s0c_train_t1_r02_s5102_high_mu0.917516,p5s0c_train_t1_root02_s5102,1,HIGH,0.9175159521214378,2,4.4,4.8,4.645521271192858,2026083031,False,1,0
p5s0c_train_t1_r02_s5102_high_mu0.917516,p5s0c_train_t1_root02_s5102,1,HIGH,0.9175159521214378,3,4.8,5.2,4.991993577424889,2026083031,False,1,0
p5s0c_train_t1_r02_s5102_high_mu0.917516,p5s0c_train_t1_root02_s5102,1,HIGH,0.9175159521214378,4,5.2,5.6,5.202270075450634,2026083031,False,1,0
p5s0c_train_t1_r02_s5102_high_mu0.917516,p5s0c_train_t1_root02_s5102,1,HIGH,0.9175159521214378,5,5.6,6.0,5.8130235107752934,2026083031,False,1,0
p5s0c_train_t1_r02_s5102_low_mu0.211510,p5s0c_train_t1_root02_s5102,1,LOW,0.21150975088555124,1,4.0,4.4,4.244758741018327,2026083031,False,1,0
p5s0c_train_t1_r02_s5102_low_mu0.211510,p5s0c_train_t1_root02_s5102,1,LOW,0.21150975088555124,2,4.4,4.8,4.628489652754248,2026083031,False,1,0
p5s0c_train_t1_r02_s5102_low_mu0.211510,p5s0c_train_t1_root02_s5102,1,LOW,0.21150975088555124,3,4.8,5.2,4.896070123380016,2026083031,False,1,0
p5s0c_train_t1_r02_s5102_low_mu0.211510,p5s0c_train_t1_root02_s5102,1,LOW,0.21150975088555124,4,5.2,5.6,5.549562242377508,2026083031,False,1,0
p5s0c_train_t1_r02_s5102_low_mu0.211510,p5s0c_train_t1_root02_s5102,1,LOW,0.21150975088555124,5,5.6,6.0,5.729339031593505,2026083031,False,1,0
p5s0c_train_t1_r02_s5102_mid_mu0.509876,p5s0c_train_t1_root02_s5102,1,MID,0.509875894662746,1,4.0,4.4,4.094368940039778,2026083031,False,1,0
p5s0c_train_t1_r02_s5102_mid_mu0.509876,p5s0c_train_t1_root02_s5102,1,MID,0.509875894662746,2,4.4,4.8,4.703787687371598,2026083031,False,1,0
p5s0c_train_t1_r02_s5102_mid_mu0.509876,p5s0c_train_t1_root02_s5102,1,MID,0.509875894662746,3,4.8,5.2,4.807712968748104,2026083031,False,1,0
p5s0c_train_t1_r02_s5102_mid_mu0.509876,p5s0c_train_t1_root02_s5102,1,MID,0.509875894662746,4,5.2,5.6,5.429323358250914,2026083031,False,1,0
p5s0c_train_t1_r02_s5102_mid_mu0.509876,p5s0c_train_t1_root02_s5102,1,MID,0.509875894662746,5,5.6,6.0,5.88692354114526,2026083031,False,1,0
p5s0c_train_t1_r03_s5103_high_mu0.994255,p5s0c_train_t1_root03_s5103,1,HIGH,0.9942547016813209,1,4.0,4.4,4.032550079235487,2026083031,False,1,0
p5s0c_train_t1_r03_s5103_high_mu0.994255,p5s0c_train_t1_root03_s5103,1,HIGH,0.9942547016813209,2,4.4,4.8,4.610066550785013,2026083031,False,1,0
p5s0c_train_t1_r03_s5103_high_mu0.994255,p5s0c_train_t1_root03_s5103,1,HIGH,0.9942547016813209,3,4.8,5.2,5.155131018235401,2026083031,False,1,0
p5s0c_train_t1_r03_s5103_high_mu0.994255,p5s0c_train_t1_root03_s5103,1,HIGH,0.9942547016813209,4,5.2,5.6,5.319473824847019,2026083031,False,1,0
p5s0c_train_t1_r03_s5103_high_mu0.994255,p5s0c_train_t1_root03_s5103,1,HIGH,0.9942547016813209,5,5.6,6.0,5.705129342952412,2026083031,False,1,0
p5s0c_train_t1_r03_s5103_low_mu0.252239,p5s0c_train_t1_root03_s5103,1,LOW,0.2522389282215292,1,4.0,4.4,4.363649450800043,2026083031,False,1,0
p5s0c_train_t1_r03_s5103_low_mu0.252239,p5s0c_train_t1_root03_s5103,1,LOW,0.2522389282215292,2,4.4,4.8,4.546908323699988,2026083031,False,1,0
p5s0c_train_t1_r03_s5103_low_mu0.252239,p5s0c_train_t1_root03_s5103,1,LOW,0.2522389282215292,3,4.8,5.2,5.046982974873693,2026083031,False,1,0
p5s0c_train_t1_r03_s5103_low_mu0.252239,p5s0c_train_t1_root03_s5103,1,LOW,0.2522389282215292,4,5.2,5.6,5.340767218731952,2026083031,False,1,0
p5s0c_train_t1_r03_s5103_low_mu0.252239,p5s0c_train_t1_root03_s5103,1,LOW,0.2522389282215292,5,5.6,6.0,5.943215935032666,2026083031,False,1,0
p5s0c_train_t1_r03_s5103_mid_mu0.580481,p5s0c_train_t1_root03_s5103,1,MID,0.5804812058382962,1,4.0,4.4,4.102998937138528,2026083031,False,1,0
p5s0c_train_t1_r03_s5103_mid_mu0.580481,p5s0c_train_t1_root03_s5103,1,MID,0.5804812058382962,2,4.4,4.8,4.550383456840101,2026083031,False,1,0
p5s0c_train_t1_r03_s5103_mid_mu0.580481,p5s0c_train_t1_root03_s5103,1,MID,0.5804812058382962,3,4.8,5.2,4.8214679285846955,2026083031,False,1,0
p5s0c_train_t1_r03_s5103_mid_mu0.580481,p5s0c_train_t1_root03_s5103,1,MID,0.5804812058382962,4,5.2,5.6,5.473552530129805,2026083031,False,1,0
p5s0c_train_t1_r03_s5103_mid_mu0.580481,p5s0c_train_t1_root03_s5103,1,MID,0.5804812058382962,5,5.6,6.0,5.810926924157705,2026083031,False,1,0
p5s0c_train_t1_r04_s5104_high_mu0.989461,p5s0c_train_t1_root04_s5104,1,HIGH,0.9894606289679417,1,4.0,4.4,4.369303635272635,2026083031,False,1,0
p5s0c_train_t1_r04_s5104_high_mu0.989461,p5s0c_train_t1_root04_s5104,1,HIGH,0.9894606289679417,2,4.4,4.8,4.728456625914877,2026083031,False,1,0
p5s0c_train_t1_r04_s5104_high_mu0.989461,p5s0c_train_t1_root04_s5104,1,HIGH,0.9894606289679417,3,4.8,5.2,4.807289371850478,2026083031,False,1,0
p5s0c_train_t1_r04_s5104_high_mu0.989461,p5s0c_train_t1_root04_s5104,1,HIGH,0.9894606289679417,4,5.2,5.6,5.575498232484046,2026083031,False,1,0
p5s0c_train_t1_r04_s5104_high_mu0.989461,p5s0c_train_t1_root04_s5104,1,HIGH,0.9894606289679417,5,5.6,6.0,5.953857169614121,2026083031,False,1,0
p5s0c_train_t1_r04_s5104_low_mu0.223399,p5s0c_train_t1_root04_s5104,1,LOW,0.2233988467038157,1,4.0,4.4,4.206096551576313,2026083031,False,1,0
p5s0c_train_t1_r04_s5104_low_mu0.223399,p5s0c_train_t1_root04_s5104,1,LOW,0.2233988467038157,2,4.4,4.8,4.699789215407094,2026083031,False,1,0
p5s0c_train_t1_r04_s5104_low_mu0.223399,p5s0c_train_t1_root04_s5104,1,LOW,0.2233988467038157,3,4.8,5.2,4.99376081747376,2026083031,False,1,0
p5s0c_train_t1_r04_s5104_low_mu0.223399,p5s0c_train_t1_root04_s5104,1,LOW,0.2233988467038157,4,5.2,5.6,5.242796083300154,2026083031,False,1,0
p5s0c_train_t1_r04_s5104_low_mu0.223399,p5s0c_train_t1_root04_s5104,1,LOW,0.2233988467038157,5,5.6,6.0,5.960140104231352,2026083031,False,1,0
p5s0c_train_t1_r04_s5104_mid_mu0.589024,p5s0c_train_t1_root04_s5104,1,MID,0.5890240876672719,1,4.0,4.4,4.117024133820839,2026083031,False,1,0
p5s0c_train_t1_r04_s5104_mid_mu0.589024,p5s0c_train_t1_root04_s5104,1,MID,0.5890240876672719,2,4.4,4.8,4.6549246113999985,2026083031,False,1,0
p5s0c_train_t1_r04_s5104_mid_mu0.589024,p5s0c_train_t1_root04_s5104,1,MID,0.5890240876672719,3,4.8,5.2,5.087361532190781,2026083031,False,1,0
p5s0c_train_t1_r04_s5104_mid_mu0.589024,p5s0c_train_t1_root04_s5104,1,MID,0.5890240876672719,4,5.2,5.6,5.379140542338786,2026083031,False,1,0
p5s0c_train_t1_r04_s5104_mid_mu0.589024,p5s0c_train_t1_root04_s5104,1,MID,0.5890240876672719,5,5.6,6.0,5.968989986633949,2026083031,False,1,0
p5s0c_train_t1_r05_s5105_high_mu0.901787,p5s0c_train_t1_root05_s5105,1,HIGH,0.9017871422121704,1,4.0,4.4,4.09191288039365,2026083031,False,1,0
p5s0c_train_t1_r05_s5105_high_mu0.901787,p5s0c_train_t1_root05_s5105,1,HIGH,0.9017871422121704,2,4.4,4.8,4.664546554144782,2026083031,False,1,0
p5s0c_train_t1_r05_s5105_high_mu0.901787,p5s0c_train_t1_root05_s5105,1,HIGH,0.9017871422121704,3,4.8,5.2,4.912183714085512,2026083031,False,1,0
p5s0c_train_t1_r05_s5105_high_mu0.901787,p5s0c_train_t1_root05_s5105,1,HIGH,0.9017871422121704,4,5.2,5.6,5.507581539991828,2026083031,False,1,0
p5s0c_train_t1_r05_s5105_high_mu0.901787,p5s0c_train_t1_root05_s5105,1,HIGH,0.9017871422121704,5,5.6,6.0,5.770738234158682,2026083031,False,1,0
p5s0c_train_t1_r05_s5105_low_mu0.281471,p5s0c_train_t1_root05_s5105,1,LOW,0.28147084843309544,1,4.0,4.4,4.051380762050056,2026083031,False,1,0
p5s0c_train_t1_r05_s5105_low_mu0.281471,p5s0c_train_t1_root05_s5105,1,LOW,0.28147084843309544,2,4.4,4.8,4.651381570381043,2026083031,False,1,0
p5s0c_train_t1_r05_s5105_low_mu0.281471,p5s0c_train_t1_root05_s5105,1,LOW,0.28147084843309544,3,4.8,5.2,4.888889194071916,2026083031,False,1,0
p5s0c_train_t1_r05_s5105_low_mu0.281471,p5s0c_train_t1_root05_s5105,1,LOW,0.28147084843309544,4,5.2,5.6,5.45426664831663,2026083031,False,1,0
p5s0c_train_t1_r05_s5105_low_mu0.281471,p5s0c_train_t1_root05_s5105,1,LOW,0.28147084843309544,5,5.6,6.0,5.869333434272343,2026083031,False,1,0
p5s0c_train_t1_r05_s5105_mid_mu0.533126,p5s0c_train_t1_root05_s5105,1,MID,0.5331259916067848,1,4.0,4.4,4.251500823527196,2026083031,False,1,0
p5s0c_train_t1_r05_s5105_mid_mu0.533126,p5s0c_train_t1_root05_s5105,1,MID,0.5331259916067848,2,4.4,4.8,4.46335115057102,2026083031,False,1,0
p5s0c_train_t1_r05_s5105_mid_mu0.533126,p5s0c_train_t1_root05_s5105,1,MID,0.5331259916067848,3,4.8,5.2,4.963415498461771,2026083031,False,1,0
p5s0c_train_t1_r05_s5105_mid_mu0.533126,p5s0c_train_t1_root05_s5105,1,MID,0.5331259916067848,4,5.2,5.6,5.30099933454891,2026083031,False,1,0
p5s0c_train_t1_r05_s5105_mid_mu0.533126,p5s0c_train_t1_root05_s5105,1,MID,0.5331259916067848,5,5.6,6.0,5.984855347684767,2026083031,False,1,0
p5s0c_train_t5_r00_s5100_high_mu0.945004,p5s0c_train_t5_root00_s5100,5,HIGH,0.9450036831015114,1,3.0,3.4,3.3505755204828644,2026083031,False,1,0
p5s0c_train_t5_r00_s5100_high_mu0.945004,p5s0c_train_t5_root00_s5100,5,HIGH,0.9450036831015114,2,3.4,3.8,3.5585173118758044,2026083031,False,1,0
p5s0c_train_t5_r00_s5100_high_mu0.945004,p5s0c_train_t5_root00_s5100,5,HIGH,0.9450036831015114,3,3.8,4.2,3.8612235562231323,2026083031,False,1,0
p5s0c_train_t5_r00_s5100_high_mu0.945004,p5s0c_train_t5_root00_s5100,5,HIGH,0.9450036831015114,4,4.2,4.6,4.469635244548228,2026083031,False,1,0
p5s0c_train_t5_r00_s5100_high_mu0.945004,p5s0c_train_t5_root00_s5100,5,HIGH,0.9450036831015114,5,4.6,5.0,4.703840318327821,2026083031,False,1,0
p5s0c_train_t5_r00_s5100_low_mu0.270805,p5s0c_train_t5_root00_s5100,5,LOW,0.2708052527683458,1,3.0,3.4,3.269748668514723,2026083031,False,1,0
p5s0c_train_t5_r00_s5100_low_mu0.270805,p5s0c_train_t5_root00_s5100,5,LOW,0.2708052527683458,2,3.4,3.8,3.6421547665244454,2026083031,False,1,0
p5s0c_train_t5_r00_s5100_low_mu0.270805,p5s0c_train_t5_root00_s5100,5,LOW,0.2708052527683458,3,3.8,4.2,3.868495292791647,2026083031,False,1,0
p5s0c_train_t5_r00_s5100_low_mu0.270805,p5s0c_train_t5_root00_s5100,5,LOW,0.2708052527683458,4,4.2,4.6,4.262457200031596,2026083031,False,1,0
p5s0c_train_t5_r00_s5100_low_mu0.270805,p5s0c_train_t5_root00_s5100,5,LOW,0.2708052527683458,5,4.6,5.0,4.607648212984033,2026083031,False,1,0
p5s0c_train_t5_r00_s5100_mid_mu0.538330,p5s0c_train_t5_root00_s5100,5,MID,0.538330484944251,1,3.0,3.4,3.3783778960898334,2026083031,False,1,0
p5s0c_train_t5_r00_s5100_mid_mu0.538330,p5s0c_train_t5_root00_s5100,5,MID,0.538330484944251,2,3.4,3.8,3.724624453815742,2026083031,False,1,0
p5s0c_train_t5_r00_s5100_mid_mu0.538330,p5s0c_train_t5_root00_s5100,5,MID,0.538330484944251,3,3.8,4.2,3.806626624175867,2026083031,False,1,0
p5s0c_train_t5_r00_s5100_mid_mu0.538330,p5s0c_train_t5_root00_s5100,5,MID,0.538330484944251,4,4.2,4.6,4.473636225380101,2026083031,False,1,0
p5s0c_train_t5_r00_s5100_mid_mu0.538330,p5s0c_train_t5_root00_s5100,5,MID,0.538330484944251,5,4.6,5.0,4.899777177127945,2026083031,False,1,0
p5s0c_train_t5_r01_s5101_high_mu0.977978,p5s0c_train_t5_root01_s5101,5,HIGH,0.9779779583271985,1,3.0,3.4,3.090115265052377,2026083031,False,1,0
p5s0c_train_t5_r01_s5101_high_mu0.977978,p5s0c_train_t5_root01_s5101,5,HIGH,0.9779779583271985,2,3.4,3.8,3.5306077564098737,2026083031,False,1,0
p5s0c_train_t5_r01_s5101_high_mu0.977978,p5s0c_train_t5_root01_s5101,5,HIGH,0.9779779583271985,3,3.8,4.2,4.058922122692139,2026083031,False,1,0
p5s0c_train_t5_r01_s5101_high_mu0.977978,p5s0c_train_t5_root01_s5101,5,HIGH,0.9779779583271985,4,4.2,4.6,4.2990048795726326,2026083031,False,1,0
p5s0c_train_t5_r01_s5101_high_mu0.977978,p5s0c_train_t5_root01_s5101,5,HIGH,0.9779779583271985,5,4.6,5.0,4.767481637100028,2026083031,False,1,0
p5s0c_train_t5_r01_s5101_low_mu0.269928,p5s0c_train_t5_root01_s5101,5,LOW,0.2699280391435209,1,3.0,3.4,3.177409629369215,2026083031,False,1,0
p5s0c_train_t5_r01_s5101_low_mu0.269928,p5s0c_train_t5_root01_s5101,5,LOW,0.2699280391435209,2,3.4,3.8,3.5468531263569956,2026083031,False,1,0
p5s0c_train_t5_r01_s5101_low_mu0.269928,p5s0c_train_t5_root01_s5101,5,LOW,0.2699280391435209,3,3.8,4.2,3.8215311489925243,2026083031,False,1,0
p5s0c_train_t5_r01_s5101_low_mu0.269928,p5s0c_train_t5_root01_s5101,5,LOW,0.2699280391435209,4,4.2,4.6,4.4892662337666875,2026083031,False,1,0
p5s0c_train_t5_r01_s5101_low_mu0.269928,p5s0c_train_t5_root01_s5101,5,LOW,0.2699280391435209,5,4.6,5.0,4.751575092897414,2026083031,False,1,0
p5s0c_train_t5_r01_s5101_mid_mu0.531976,p5s0c_train_t5_root01_s5101,5,MID,0.5319764380853421,1,3.0,3.4,3.320795934166386,2026083031,False,1,0
p5s0c_train_t5_r01_s5101_mid_mu0.531976,p5s0c_train_t5_root01_s5101,5,MID,0.5319764380853421,2,3.4,3.8,3.4506289941814625,2026083031,False,1,0
p5s0c_train_t5_r01_s5101_mid_mu0.531976,p5s0c_train_t5_root01_s5101,5,MID,0.5319764380853421,3,3.8,4.2,4.039076053805774,2026083031,False,1,0
p5s0c_train_t5_r01_s5101_mid_mu0.531976,p5s0c_train_t5_root01_s5101,5,MID,0.5319764380853421,4,4.2,4.6,4.306801978581236,2026083031,False,1,0
p5s0c_train_t5_r01_s5101_mid_mu0.531976,p5s0c_train_t5_root01_s5101,5,MID,0.5319764380853421,5,4.6,5.0,4.722125450637501,2026083031,False,1,0
p5s0c_train_t5_r02_s5102_high_mu0.938254,p5s0c_train_t5_root02_s5102,5,HIGH,0.9382535774444987,1,3.0,3.4,3.0695896790224766,2026083031,False,1,0
p5s0c_train_t5_r02_s5102_high_mu0.938254,p5s0c_train_t5_root02_s5102,5,HIGH,0.9382535774444987,2,3.4,3.8,3.703419886287761,2026083031,False,1,0
p5s0c_train_t5_r02_s5102_high_mu0.938254,p5s0c_train_t5_root02_s5102,5,HIGH,0.9382535774444987,3,3.8,4.2,4.0351580201941095,2026083031,False,1,0
p5s0c_train_t5_r02_s5102_high_mu0.938254,p5s0c_train_t5_root02_s5102,5,HIGH,0.9382535774444987,4,4.2,4.6,4.424210392196606,2026083031,False,1,0
p5s0c_train_t5_r02_s5102_high_mu0.938254,p5s0c_train_t5_root02_s5102,5,HIGH,0.9382535774444987,5,4.6,5.0,4.8063724865143795,2026083031,False,1,0
p5s0c_train_t5_r02_s5102_low_mu0.295394,p5s0c_train_t5_root02_s5102,5,LOW,0.2953937543558703,1,3.0,3.4,3.359002609041246,2026083031,False,1,0
p5s0c_train_t5_r02_s5102_low_mu0.295394,p5s0c_train_t5_root02_s5102,5,LOW,0.2953937543558703,2,3.4,3.8,3.4949309412787253,2026083031,False,1,0
p5s0c_train_t5_r02_s5102_low_mu0.295394,p5s0c_train_t5_root02_s5102,5,LOW,0.2953937543558703,3,3.8,4.2,4.188433381666139,2026083031,False,1,0
p5s0c_train_t5_r02_s5102_low_mu0.295394,p5s0c_train_t5_root02_s5102,5,LOW,0.2953937543558703,4,4.2,4.6,4.235094698618203,2026083031,False,1,0
p5s0c_train_t5_r02_s5102_low_mu0.295394,p5s0c_train_t5_root02_s5102,5,LOW,0.2953937543558703,5,4.6,5.0,4.631759571926591,2026083031,False,1,0
p5s0c_train_t5_r02_s5102_mid_mu0.569222,p5s0c_train_t5_root02_s5102,5,MID,0.5692222329044275,1,3.0,3.4,3.326982183217865,2026083031,False,1,0
p5s0c_train_t5_r02_s5102_mid_mu0.569222,p5s0c_train_t5_root02_s5102,5,MID,0.5692222329044275,2,3.4,3.8,3.7413191163504615,2026083031,False,1,0
p5s0c_train_t5_r02_s5102_mid_mu0.569222,p5s0c_train_t5_root02_s5102,5,MID,0.5692222329044275,3,3.8,4.2,3.8358243299075547,2026083031,False,1,0
p5s0c_train_t5_r02_s5102_mid_mu0.569222,p5s0c_train_t5_root02_s5102,5,MID,0.5692222329044275,4,4.2,4.6,4.23807261283251,2026083031,False,1,0
p5s0c_train_t5_r02_s5102_mid_mu0.569222,p5s0c_train_t5_root02_s5102,5,MID,0.5692222329044275,5,4.6,5.0,4.723629532817161,2026083031,False,1,0
p5s0c_train_t5_r03_s5103_high_mu0.971853,p5s0c_train_t5_root03_s5103,5,HIGH,0.9718526963499343,1,3.0,3.4,3.3608180678243462,2026083031,False,1,0
p5s0c_train_t5_r03_s5103_high_mu0.971853,p5s0c_train_t5_root03_s5103,5,HIGH,0.9718526963499343,2,3.4,3.8,3.628912388163628,2026083031,False,1,0
p5s0c_train_t5_r03_s5103_high_mu0.971853,p5s0c_train_t5_root03_s5103,5,HIGH,0.9718526963499343,3,3.8,4.2,4.069949422512093,2026083031,False,1,0
p5s0c_train_t5_r03_s5103_high_mu0.971853,p5s0c_train_t5_root03_s5103,5,HIGH,0.9718526963499343,4,4.2,4.6,4.288949023293027,2026083031,False,1,0
p5s0c_train_t5_r03_s5103_high_mu0.971853,p5s0c_train_t5_root03_s5103,5,HIGH,0.9718526963499343,5,4.6,5.0,4.993325242802623,2026083031,False,1,0
p5s0c_train_t5_r03_s5103_low_mu0.268456,p5s0c_train_t5_root03_s5103,5,LOW,0.2684556388624265,1,3.0,3.4,3.191621406647813,2026083031,False,1,0
p5s0c_train_t5_r03_s5103_low_mu0.268456,p5s0c_train_t5_root03_s5103,5,LOW,0.2684556388624265,2,3.4,3.8,3.582666527275574,2026083031,False,1,0
p5s0c_train_t5_r03_s5103_low_mu0.268456,p5s0c_train_t5_root03_s5103,5,LOW,0.2684556388624265,3,3.8,4.2,4.195723631415104,2026083031,False,1,0
p5s0c_train_t5_r03_s5103_low_mu0.268456,p5s0c_train_t5_root03_s5103,5,LOW,0.2684556388624265,4,4.2,4.6,4.4784256029476115,2026083031,False,1,0
p5s0c_train_t5_r03_s5103_low_mu0.268456,p5s0c_train_t5_root03_s5103,5,LOW,0.2684556388624265,5,4.6,5.0,4.953303585022305,2026083031,False,1,0
p5s0c_train_t5_r03_s5103_mid_mu0.579422,p5s0c_train_t5_root03_s5103,5,MID,0.5794217219847442,1,3.0,3.4,3.1599064829314845,2026083031,False,1,0
p5s0c_train_t5_r03_s5103_mid_mu0.579422,p5s0c_train_t5_root03_s5103,5,MID,0.5794217219847442,2,3.4,3.8,3.5599629426146815,2026083031,False,1,0
p5s0c_train_t5_r03_s5103_mid_mu0.579422,p5s0c_train_t5_root03_s5103,5,MID,0.5794217219847442,3,3.8,4.2,4.162056565246949,2026083031,False,1,0
p5s0c_train_t5_r03_s5103_mid_mu0.579422,p5s0c_train_t5_root03_s5103,5,MID,0.5794217219847442,4,4.2,4.6,4.473288854491869,2026083031,False,1,0
p5s0c_train_t5_r03_s5103_mid_mu0.579422,p5s0c_train_t5_root03_s5103,5,MID,0.5794217219847442,5,4.6,5.0,4.94203364622491,2026083031,False,1,0
p5s0c_train_t5_r04_s5104_high_mu0.927670,p5s0c_train_t5_root04_s5104,5,HIGH,0.9276696852071153,1,3.0,3.4,3.2394128450123354,2026083031,False,1,0
p5s0c_train_t5_r04_s5104_high_mu0.927670,p5s0c_train_t5_root04_s5104,5,HIGH,0.9276696852071153,2,3.4,3.8,3.635866699059798,2026083031,False,1,0
p5s0c_train_t5_r04_s5104_high_mu0.927670,p5s0c_train_t5_root04_s5104,5,HIGH,0.9276696852071153,3,3.8,4.2,3.832764692216405,2026083031,False,1,0
p5s0c_train_t5_r04_s5104_high_mu0.927670,p5s0c_train_t5_root04_s5104,5,HIGH,0.9276696852071153,4,4.2,4.6,4.317429297815402,2026083031,False,1,0
p5s0c_train_t5_r04_s5104_high_mu0.927670,p5s0c_train_t5_root04_s5104,5,HIGH,0.9276696852071153,5,4.6,5.0,4.904842284926958,2026083031,False,1,0
p5s0c_train_t5_r04_s5104_low_mu0.296413,p5s0c_train_t5_root04_s5104,5,LOW,0.29641327786490484,1,3.0,3.4,3.169424946090528,2026083031,False,1,0
p5s0c_train_t5_r04_s5104_low_mu0.296413,p5s0c_train_t5_root04_s5104,5,LOW,0.29641327786490484,2,3.4,3.8,3.6401865135059914,2026083031,False,1,0
p5s0c_train_t5_r04_s5104_low_mu0.296413,p5s0c_train_t5_root04_s5104,5,LOW,0.29641327786490484,3,3.8,4.2,4.188006786238083,2026083031,False,1,0
p5s0c_train_t5_r04_s5104_low_mu0.296413,p5s0c_train_t5_root04_s5104,5,LOW,0.29641327786490484,4,4.2,4.6,4.213811459672577,2026083031,False,1,0
p5s0c_train_t5_r04_s5104_low_mu0.296413,p5s0c_train_t5_root04_s5104,5,LOW,0.29641327786490484,5,4.6,5.0,4.727209230876554,2026083031,False,1,0
p5s0c_train_t5_r04_s5104_mid_mu0.479493,p5s0c_train_t5_root04_s5104,5,MID,0.47949311931111244,1,3.0,3.4,3.1973543111219453,2026083031,False,1,0
p5s0c_train_t5_r04_s5104_mid_mu0.479493,p5s0c_train_t5_root04_s5104,5,MID,0.47949311931111244,2,3.4,3.8,3.510988756500796,2026083031,False,1,0
p5s0c_train_t5_r04_s5104_mid_mu0.479493,p5s0c_train_t5_root04_s5104,5,MID,0.47949311931111244,3,3.8,4.2,3.892898581844683,2026083031,False,1,0
p5s0c_train_t5_r04_s5104_mid_mu0.479493,p5s0c_train_t5_root04_s5104,5,MID,0.47949311931111244,4,4.2,4.6,4.209336942106862,2026083031,False,1,0
p5s0c_train_t5_r04_s5104_mid_mu0.479493,p5s0c_train_t5_root04_s5104,5,MID,0.47949311931111244,5,4.6,5.0,4.693284169809994,2026083031,False,1,0
p5s0c_train_t5_r05_s5105_high_mu0.955667,p5s0c_train_t5_root05_s5105,5,HIGH,0.9556674783451712,1,3.0,3.4,3.0062501232194427,2026083031,False,1,0
p5s0c_train_t5_r05_s5105_high_mu0.955667,p5s0c_train_t5_root05_s5105,5,HIGH,0.9556674783451712,2,3.4,3.8,3.7187522137870594,2026083031,False,1,0
p5s0c_train_t5_r05_s5105_high_mu0.955667,p5s0c_train_t5_root05_s5105,5,HIGH,0.9556674783451712,3,3.8,4.2,4.1778697985555615,2026083031,False,1,0
p5s0c_train_t5_r05_s5105_high_mu0.955667,p5s0c_train_t5_root05_s5105,5,HIGH,0.9556674783451712,4,4.2,4.6,4.456360333739941,2026083031,False,1,0
p5s0c_train_t5_r05_s5105_high_mu0.955667,p5s0c_train_t5_root05_s5105,5,HIGH,0.9556674783451712,5,4.6,5.0,4.635735979216636,2026083031,False,1,0
p5s0c_train_t5_r05_s5105_low_mu0.212460,p5s0c_train_t5_root05_s5105,5,LOW,0.21245989879926902,1,3.0,3.4,3.204752546533597,2026083031,False,1,0
p5s0c_train_t5_r05_s5105_low_mu0.212460,p5s0c_train_t5_root05_s5105,5,LOW,0.21245989879926902,2,3.4,3.8,3.5016832827213094,2026083031,False,1,0
p5s0c_train_t5_r05_s5105_low_mu0.212460,p5s0c_train_t5_root05_s5105,5,LOW,0.21245989879926902,3,3.8,4.2,3.8496685003493067,2026083031,False,1,0
p5s0c_train_t5_r05_s5105_low_mu0.212460,p5s0c_train_t5_root05_s5105,5,LOW,0.21245989879926902,4,4.2,4.6,4.5381410013675305,2026083031,False,1,0
p5s0c_train_t5_r05_s5105_low_mu0.212460,p5s0c_train_t5_root05_s5105,5,LOW,0.21245989879926902,5,4.6,5.0,4.814072737911314,2026083031,False,1,0
p5s0c_train_t5_r05_s5105_mid_mu0.478580,p5s0c_train_t5_root05_s5105,5,MID,0.4785796961711498,1,3.0,3.4,3.3676468721425934,2026083031,False,1,0
p5s0c_train_t5_r05_s5105_mid_mu0.478580,p5s0c_train_t5_root05_s5105,5,MID,0.4785796961711498,2,3.4,3.8,3.4036003543621374,2026083031,False,1,0
p5s0c_train_t5_r05_s5105_mid_mu0.478580,p5s0c_train_t5_root05_s5105,5,MID,0.4785796961711498,3,3.8,4.2,3.959898972486841,2026083031,False,1,0
p5s0c_train_t5_r05_s5105_mid_mu0.478580,p5s0c_train_t5_root05_s5105,5,MID,0.4785796961711498,4,4.2,4.6,4.2547638588195005,2026083031,False,1,0
p5s0c_train_t5_r05_s5105_mid_mu0.478580,p5s0c_train_t5_root05_s5105,5,MID,0.4785796961711498,5,4.6,5.0,4.678813412135296,2026083031,False,1,0
p5s0c_train_t6_r00_s5100_high_mu0.989348,p5s0c_train_t6_root00_s5100,6,HIGH,0.9893482298937868,1,3.0,3.2,3.118939854783293,2026083031,False,1,0
p5s0c_train_t6_r00_s5100_high_mu0.989348,p5s0c_train_t6_root00_s5100,6,HIGH,0.9893482298937868,2,3.2,3.4,3.374536206490053,2026083031,False,1,0
p5s0c_train_t6_r00_s5100_high_mu0.989348,p5s0c_train_t6_root00_s5100,6,HIGH,0.9893482298937868,3,3.4,3.6,3.420561812221824,2026083031,False,1,0
p5s0c_train_t6_r00_s5100_high_mu0.989348,p5s0c_train_t6_root00_s5100,6,HIGH,0.9893482298937868,4,3.6,3.8,3.711649944351442,2026083031,False,1,0
p5s0c_train_t6_r00_s5100_high_mu0.989348,p5s0c_train_t6_root00_s5100,6,HIGH,0.9893482298937868,5,3.8,4.0,3.9020630571708086,2026083031,False,1,0
p5s0c_train_t6_r00_s5100_low_mu0.257577,p5s0c_train_t6_root00_s5100,6,LOW,0.2575768733744629,1,3.0,3.2,3.1086760894420093,2026083031,False,1,0
p5s0c_train_t6_r00_s5100_low_mu0.257577,p5s0c_train_t6_root00_s5100,6,LOW,0.2575768733744629,2,3.2,3.4,3.3521898449851313,2026083031,False,1,0
p5s0c_train_t6_r00_s5100_low_mu0.257577,p5s0c_train_t6_root00_s5100,6,LOW,0.2575768733744629,3,3.4,3.6,3.53833654766595,2026083031,False,1,0
p5s0c_train_t6_r00_s5100_low_mu0.257577,p5s0c_train_t6_root00_s5100,6,LOW,0.2575768733744629,4,3.6,3.8,3.766193618328142,2026083031,False,1,0
p5s0c_train_t6_r00_s5100_low_mu0.257577,p5s0c_train_t6_root00_s5100,6,LOW,0.2575768733744629,5,3.8,4.0,3.800200564455172,2026083031,False,1,0
p5s0c_train_t6_r00_s5100_mid_mu0.558595,p5s0c_train_t6_root00_s5100,6,MID,0.5585950380614311,1,3.0,3.2,3.0321505346765973,2026083031,False,1,0
p5s0c_train_t6_r00_s5100_mid_mu0.558595,p5s0c_train_t6_root00_s5100,6,MID,0.5585950380614311,2,3.2,3.4,3.3971765458778984,2026083031,False,1,0
p5s0c_train_t6_r00_s5100_mid_mu0.558595,p5s0c_train_t6_root00_s5100,6,MID,0.5585950380614311,3,3.4,3.6,3.5836735770025565,2026083031,False,1,0
p5s0c_train_t6_r00_s5100_mid_mu0.558595,p5s0c_train_t6_root00_s5100,6,MID,0.5585950380614311,4,3.6,3.8,3.7820603774361614,2026083031,False,1,0
p5s0c_train_t6_r00_s5100_mid_mu0.558595,p5s0c_train_t6_root00_s5100,6,MID,0.5585950380614311,5,3.8,4.0,3.858299889351411,2026083031,False,1,0
p5s0c_train_t6_r01_s5101_high_mu0.910021,p5s0c_train_t6_root01_s5101,6,HIGH,0.9100214165606061,1,3.0,3.2,3.1352018966897295,2026083031,False,1,0
p5s0c_train_t6_r01_s5101_high_mu0.910021,p5s0c_train_t6_root01_s5101,6,HIGH,0.9100214165606061,2,3.2,3.4,3.320934098702107,2026083031,False,1,0
p5s0c_train_t6_r01_s5101_high_mu0.910021,p5s0c_train_t6_root01_s5101,6,HIGH,0.9100214165606061,3,3.4,3.6,3.406110840966014,2026083031,False,1,0
p5s0c_train_t6_r01_s5101_high_mu0.910021,p5s0c_train_t6_root01_s5101,6,HIGH,0.9100214165606061,4,3.6,3.8,3.761252869981123,2026083031,False,1,0
p5s0c_train_t6_r01_s5101_high_mu0.910021,p5s0c_train_t6_root01_s5101,6,HIGH,0.9100214165606061,5,3.8,4.0,3.9723290740747146,2026083031,False,1,0
p5s0c_train_t6_r01_s5101_low_mu0.216789,p5s0c_train_t6_root01_s5101,6,LOW,0.2167888067328618,1,3.0,3.2,3.053677219107241,2026083031,False,1,0
p5s0c_train_t6_r01_s5101_low_mu0.216789,p5s0c_train_t6_root01_s5101,6,LOW,0.2167888067328618,2,3.2,3.4,3.2495534878999526,2026083031,False,1,0
p5s0c_train_t6_r01_s5101_low_mu0.216789,p5s0c_train_t6_root01_s5101,6,LOW,0.2167888067328618,3,3.4,3.6,3.4829485075187443,2026083031,False,1,0
p5s0c_train_t6_r01_s5101_low_mu0.216789,p5s0c_train_t6_root01_s5101,6,LOW,0.2167888067328618,4,3.6,3.8,3.7360964886320245,2026083031,False,1,0
p5s0c_train_t6_r01_s5101_low_mu0.216789,p5s0c_train_t6_root01_s5101,6,LOW,0.2167888067328618,5,3.8,4.0,3.864153890652048,2026083031,False,1,0
p5s0c_train_t6_r01_s5101_mid_mu0.529103,p5s0c_train_t6_root01_s5101,6,MID,0.529103149795241,1,3.0,3.2,3.147717881459621,2026083031,False,1,0
p5s0c_train_t6_r01_s5101_mid_mu0.529103,p5s0c_train_t6_root01_s5101,6,MID,0.529103149795241,2,3.2,3.4,3.317226106756872,2026083031,False,1,0
p5s0c_train_t6_r01_s5101_mid_mu0.529103,p5s0c_train_t6_root01_s5101,6,MID,0.529103149795241,3,3.4,3.6,3.475849435215937,2026083031,False,1,0
p5s0c_train_t6_r01_s5101_mid_mu0.529103,p5s0c_train_t6_root01_s5101,6,MID,0.529103149795241,4,3.6,3.8,3.703882838375958,2026083031,False,1,0
p5s0c_train_t6_r01_s5101_mid_mu0.529103,p5s0c_train_t6_root01_s5101,6,MID,0.529103149795241,5,3.8,4.0,3.8748679654118297,2026083031,False,1,0
p5s0c_train_t6_r02_s5102_high_mu0.958858,p5s0c_train_t6_root02_s5102,6,HIGH,0.9588583617780642,1,3.0,3.2,3.1322779683324327,2026083031,False,1,0
p5s0c_train_t6_r02_s5102_high_mu0.958858,p5s0c_train_t6_root02_s5102,6,HIGH,0.9588583617780642,2,3.2,3.4,3.3344177055457886,2026083031,False,1,0
p5s0c_train_t6_r02_s5102_high_mu0.958858,p5s0c_train_t6_root02_s5102,6,HIGH,0.9588583617780642,3,3.4,3.6,3.5304768972057357,2026083031,False,1,0
p5s0c_train_t6_r02_s5102_high_mu0.958858,p5s0c_train_t6_root02_s5102,6,HIGH,0.9588583617780642,4,3.6,3.8,3.663451026906526,2026083031,False,1,0
p5s0c_train_t6_r02_s5102_high_mu0.958858,p5s0c_train_t6_root02_s5102,6,HIGH,0.9588583617780642,5,3.8,4.0,3.968070000165838,2026083031,False,1,0
p5s0c_train_t6_r02_s5102_low_mu0.225446,p5s0c_train_t6_root02_s5102,6,LOW,0.22544558844853269,1,3.0,3.2,3.1141002378675027,2026083031,False,1,0
p5s0c_train_t6_r02_s5102_low_mu0.225446,p5s0c_train_t6_root02_s5102,6,LOW,0.22544558844853269,2,3.2,3.4,3.3622723906185286,2026083031,False,1,0
p5s0c_train_t6_r02_s5102_low_mu0.225446,p5s0c_train_t6_root02_s5102,6,LOW,0.22544558844853269,3,3.4,3.6,3.4416504938757186,2026083031,False,1,0
p5s0c_train_t6_r02_s5102_low_mu0.225446,p5s0c_train_t6_root02_s5102,6,LOW,0.22544558844853269,4,3.6,3.8,3.6161227155528373,2026083031,False,1,0
p5s0c_train_t6_r02_s5102_low_mu0.225446,p5s0c_train_t6_root02_s5102,6,LOW,0.22544558844853269,5,3.8,4.0,3.965051015142602,2026083031,False,1,0
p5s0c_train_t6_r02_s5102_mid_mu0.568022,p5s0c_train_t6_root02_s5102,6,MID,0.5680218260664094,1,3.0,3.2,3.001736578401635,2026083031,False,1,0
p5s0c_train_t6_r02_s5102_mid_mu0.568022,p5s0c_train_t6_root02_s5102,6,MID,0.5680218260664094,2,3.2,3.4,3.2707290577296604,2026083031,False,1,0
p5s0c_train_t6_r02_s5102_mid_mu0.568022,p5s0c_train_t6_root02_s5102,6,MID,0.5680218260664094,3,3.4,3.6,3.599214850723836,2026083031,False,1,0
p5s0c_train_t6_r02_s5102_mid_mu0.568022,p5s0c_train_t6_root02_s5102,6,MID,0.5680218260664094,4,3.6,3.8,3.7633015241904815,2026083031,False,1,0
p5s0c_train_t6_r02_s5102_mid_mu0.568022,p5s0c_train_t6_root02_s5102,6,MID,0.5680218260664094,5,3.8,4.0,3.8434784681602165,2026083031,False,1,0
p5s0c_train_t6_r03_s5103_high_mu0.989240,p5s0c_train_t6_root03_s5103,6,HIGH,0.9892401623583469,1,3.0,3.2,3.0687980275930915,2026083031,False,1,0
p5s0c_train_t6_r03_s5103_high_mu0.989240,p5s0c_train_t6_root03_s5103,6,HIGH,0.9892401623583469,2,3.2,3.4,3.336008588687707,2026083031,False,1,0
p5s0c_train_t6_r03_s5103_high_mu0.989240,p5s0c_train_t6_root03_s5103,6,HIGH,0.9892401623583469,3,3.4,3.6,3.452773822923704,2026083031,False,1,0
p5s0c_train_t6_r03_s5103_high_mu0.989240,p5s0c_train_t6_root03_s5103,6,HIGH,0.9892401623583469,4,3.6,3.8,3.7052248045710336,2026083031,False,1,0
p5s0c_train_t6_r03_s5103_high_mu0.989240,p5s0c_train_t6_root03_s5103,6,HIGH,0.9892401623583469,5,3.8,4.0,3.938422181531021,2026083031,False,1,0
p5s0c_train_t6_r03_s5103_low_mu0.298364,p5s0c_train_t6_root03_s5103,6,LOW,0.2983642867493329,1,3.0,3.2,3.1487868982222516,2026083031,False,1,0
p5s0c_train_t6_r03_s5103_low_mu0.298364,p5s0c_train_t6_root03_s5103,6,LOW,0.2983642867493329,2,3.2,3.4,3.2242706669654955,2026083031,False,1,0
p5s0c_train_t6_r03_s5103_low_mu0.298364,p5s0c_train_t6_root03_s5103,6,LOW,0.2983642867493329,3,3.4,3.6,3.5660968664584223,2026083031,False,1,0
p5s0c_train_t6_r03_s5103_low_mu0.298364,p5s0c_train_t6_root03_s5103,6,LOW,0.2983642867493329,4,3.6,3.8,3.7768826042110035,2026083031,False,1,0
p5s0c_train_t6_r03_s5103_low_mu0.298364,p5s0c_train_t6_root03_s5103,6,LOW,0.2983642867493329,5,3.8,4.0,3.9951533437943336,2026083031,False,1,0
p5s0c_train_t6_r03_s5103_mid_mu0.494903,p5s0c_train_t6_root03_s5103,6,MID,0.4949034834883461,1,3.0,3.2,3.159782343208442,2026083031,False,1,0
p5s0c_train_t6_r03_s5103_mid_mu0.494903,p5s0c_train_t6_root03_s5103,6,MID,0.4949034834883461,2,3.2,3.4,3.331464113310517,2026083031,False,1,0
p5s0c_train_t6_r03_s5103_mid_mu0.494903,p5s0c_train_t6_root03_s5103,6,MID,0.4949034834883461,3,3.4,3.6,3.5712699270630774,2026083031,False,1,0
p5s0c_train_t6_r03_s5103_mid_mu0.494903,p5s0c_train_t6_root03_s5103,6,MID,0.4949034834883461,4,3.6,3.8,3.6856352212595014,2026083031,False,1,0
p5s0c_train_t6_r03_s5103_mid_mu0.494903,p5s0c_train_t6_root03_s5103,6,MID,0.4949034834883461,5,3.8,4.0,3.8546799375608467,2026083031,False,1,0
p5s0c_train_t6_r04_s5104_high_mu0.970401,p5s0c_train_t6_root04_s5104,6,HIGH,0.9704010725401304,1,3.0,3.2,3.1554725761966145,2026083031,False,1,0
p5s0c_train_t6_r04_s5104_high_mu0.970401,p5s0c_train_t6_root04_s5104,6,HIGH,0.9704010725401304,2,3.2,3.4,3.3569486788790686,2026083031,False,1,0
p5s0c_train_t6_r04_s5104_high_mu0.970401,p5s0c_train_t6_root04_s5104,6,HIGH,0.9704010725401304,3,3.4,3.6,3.5914026358373032,2026083031,False,1,0
p5s0c_train_t6_r04_s5104_high_mu0.970401,p5s0c_train_t6_root04_s5104,6,HIGH,0.9704010725401304,4,3.6,3.8,3.6377325498714517,2026083031,False,1,0
p5s0c_train_t6_r04_s5104_high_mu0.970401,p5s0c_train_t6_root04_s5104,6,HIGH,0.9704010725401304,5,3.8,4.0,3.8449565248773534,2026083031,False,1,0
p5s0c_train_t6_r04_s5104_low_mu0.226087,p5s0c_train_t6_root04_s5104,6,LOW,0.22608745959925736,1,3.0,3.2,3.1289781060547024,2026083031,False,1,0
p5s0c_train_t6_r04_s5104_low_mu0.226087,p5s0c_train_t6_root04_s5104,6,LOW,0.22608745959925736,2,3.2,3.4,3.394854844664247,2026083031,False,1,0
p5s0c_train_t6_r04_s5104_low_mu0.226087,p5s0c_train_t6_root04_s5104,6,LOW,0.22608745959925736,3,3.4,3.6,3.5236156523102307,2026083031,False,1,0
p5s0c_train_t6_r04_s5104_low_mu0.226087,p5s0c_train_t6_root04_s5104,6,LOW,0.22608745959925736,4,3.6,3.8,3.7907748680960176,2026083031,False,1,0
p5s0c_train_t6_r04_s5104_low_mu0.226087,p5s0c_train_t6_root04_s5104,6,LOW,0.22608745959925736,5,3.8,4.0,3.9929034368993834,2026083031,False,1,0
p5s0c_train_t6_r04_s5104_mid_mu0.562603,p5s0c_train_t6_root04_s5104,6,MID,0.5626032637468864,1,3.0,3.2,3.0123294105055067,2026083031,False,1,0
p5s0c_train_t6_r04_s5104_mid_mu0.562603,p5s0c_train_t6_root04_s5104,6,MID,0.5626032637468864,2,3.2,3.4,3.2361132964760837,2026083031,False,1,0
p5s0c_train_t6_r04_s5104_mid_mu0.562603,p5s0c_train_t6_root04_s5104,6,MID,0.5626032637468864,3,3.4,3.6,3.4289491573863016,2026083031,False,1,0
p5s0c_train_t6_r04_s5104_mid_mu0.562603,p5s0c_train_t6_root04_s5104,6,MID,0.5626032637468864,4,3.6,3.8,3.641446703968578,2026083031,False,1,0
p5s0c_train_t6_r04_s5104_mid_mu0.562603,p5s0c_train_t6_root04_s5104,6,MID,0.5626032637468864,5,3.8,4.0,3.895231305527638,2026083031,False,1,0
p5s0c_train_t6_r05_s5105_high_mu0.940404,p5s0c_train_t6_root05_s5105,6,HIGH,0.9404040658568695,1,3.0,3.2,3.1218934474307294,2026083031,False,1,0
p5s0c_train_t6_r05_s5105_high_mu0.940404,p5s0c_train_t6_root05_s5105,6,HIGH,0.9404040658568695,2,3.2,3.4,3.248592961686432,2026083031,False,1,0
p5s0c_train_t6_r05_s5105_high_mu0.940404,p5s0c_train_t6_root05_s5105,6,HIGH,0.9404040658568695,3,3.4,3.6,3.5060716773734875,2026083031,False,1,0
p5s0c_train_t6_r05_s5105_high_mu0.940404,p5s0c_train_t6_root05_s5105,6,HIGH,0.9404040658568695,4,3.6,3.8,3.761867002075977,2026083031,False,1,0
p5s0c_train_t6_r05_s5105_high_mu0.940404,p5s0c_train_t6_root05_s5105,6,HIGH,0.9404040658568695,5,3.8,4.0,3.926866038437071,2026083031,False,1,0
p5s0c_train_t6_r05_s5105_low_mu0.260231,p5s0c_train_t6_root05_s5105,6,LOW,0.26023070335172693,1,3.0,3.2,3.111697402792563,2026083031,False,1,0
p5s0c_train_t6_r05_s5105_low_mu0.260231,p5s0c_train_t6_root05_s5105,6,LOW,0.26023070335172693,2,3.2,3.4,3.365897423258434,2026083031,False,1,0
p5s0c_train_t6_r05_s5105_low_mu0.260231,p5s0c_train_t6_root05_s5105,6,LOW,0.26023070335172693,3,3.4,3.6,3.53559763966456,2026083031,False,1,0
p5s0c_train_t6_r05_s5105_low_mu0.260231,p5s0c_train_t6_root05_s5105,6,LOW,0.26023070335172693,4,3.6,3.8,3.7056658418046577,2026083031,False,1,0
p5s0c_train_t6_r05_s5105_low_mu0.260231,p5s0c_train_t6_root05_s5105,6,LOW,0.26023070335172693,5,3.8,4.0,3.814558847500338,2026083031,False,1,0
p5s0c_train_t6_r05_s5105_mid_mu0.481964,p5s0c_train_t6_root05_s5105,6,MID,0.481964315174943,1,3.0,3.2,3.044719578061611,2026083031,False,1,0
p5s0c_train_t6_r05_s5105_mid_mu0.481964,p5s0c_train_t6_root05_s5105,6,MID,0.481964315174943,2,3.2,3.4,3.3578421307455577,2026083031,False,1,0
p5s0c_train_t6_r05_s5105_mid_mu0.481964,p5s0c_train_t6_root05_s5105,6,MID,0.481964315174943,3,3.4,3.6,3.5795497211384655,2026083031,False,1,0
p5s0c_train_t6_r05_s5105_mid_mu0.481964,p5s0c_train_t6_root05_s5105,6,MID,0.481964315174943,4,3.6,3.8,3.650613377744291,2026083031,False,1,0
p5s0c_train_t6_r05_s5105_mid_mu0.481964,p5s0c_train_t6_root05_s5105,6,MID,0.481964315174943,5,3.8,4.0,3.909910461061327,2026083031,False,1,0
