context_id,root_id,task,friction_band,friction,sample_count,unique_force_candidates,candidate_forces_N,old_full_task_outcomes,final_lift_hold_outcomes_recomputed,old_success_count,old_failure_count,final_success_count,final_failure_count,old_outcome_varies_within_context,final_outcome_varies_within_context,all_valid,all_corrected_true_force_telemetry,probe_hash_present,nominal_hash_present
p5s0c_train_t0_r00_s5100_high_mu0.940189,p5s0c_train_t0_root00_s5100,0,HIGH,0.9401893373882813,10,5,"[3.2029647423914454,3.2029647423914454,3.45010440151526,3.45010440151526,3.9325538659954553,3.9325538659954553,4.597131691690806,4.597131691690806,4.898107383018656,4.898107383018656]","[1,0,1,1,1,1,1,1,1,1]","[1,0,1,1,1,1,1,1,1,1]",9,1,9,1,1,1,1,1,1,1
p5s0c_train_t0_r00_s5100_low_mu0.293710,p5s0c_train_t0_root00_s5100,0,LOW,0.2937102019159983,10,5,"[3.3274269914534806,3.3274269914534806,3.58046160002614,3.58046160002614,4.1951268916184405,4.1951268916184405,4.225682863145822,4.225682863145822,4.899172114786442,4.899172114786442]","[0,0,0,0,1,1,1,1,1,1]","[1,1,1,1,1,1,1,1,1,1]",6,4,10,0,1,0,1,1,1,1
p5s0c_train_t0_r00_s5100_mid_mu0.450580,p5s0c_train_t0_root00_s5100,0,MID,0.4505801238823336,10,5,"[3.1149682915557118,3.1149682915557118,3.5841809148911308,3.5841809148911308,3.868479176527506,3.868479176527506,4.239612216196188,4.239612216196188,4.898504617025695,4.898504617025695]","[0,0,1,1,1,1,1,1,1,1]","[1,1,1,1,1,1,1,1,1,1]",8,2,10,0,1,0,1,1,1,1
p5s0c_train_t0_r01_s5101_high_mu0.988466,p5s0c_train_t0_root01_s5101,0,HIGH,0.9884659937733328,10,5,"[3.267251748830606,3.267251748830606,3.5719130813229065,3.5719130813229065,4.136133001828375,4.136133001828375,4.557399724766146,4.557399724766146,4.678691249620773,4.678691249620773]","[1,1,1,1,1,1,1,1,1,1]","[1,1,1,1,0,0,1,1,1,1]",10,0,8,2,0,1,1,1,1,1
p5s0c_train_t0_r01_s5101_low_mu0.255969,p5s0c_train_t0_root01_s5101,0,LOW,0.2559692046181955,10,5,"[3.121967455206008,3.121967455206008,3.6888028476897534,3.6888028476897534,3.942358965459201,3.942358965459201,4.232428603806659,4.232428603806659,4.829316480382576,4.829316480382576]","[0,0,0,0,0,0,1,0,1,1]","[1,1,1,1,1,1,1,1,1,1]",3,7,10,0,1,0,1,1,1,1
p5s0c_train_t0_r01_s5101_mid_mu0.592177,p5s0c_train_t0_root01_s5101,0,MID,0.5921771020907431,10,5,"[3.067545649434074,3.067545649434074,3.706328022674844,3.706328022674844,4.150897619720806,4.150897619720806,4.379634025984292,4.379634025984292,4.730989807622448,4.730989807622448]","[0,0,1,1,1,1,1,1,1,1]","[1,1,1,1,1,1,1,1,1,1]",8,2,10,0,1,0,1,1,1,1
p5s0c_train_t0_r02_s5102_high_mu0.974655,p5s0c_train_t0_root02_s5102,0,HIGH,0.9746549647633304,10,5,"[3.1907854798487083,3.1907854798487083,3.4008762237416743,3.4008762237416743,4.193212205714488,4.193212205714488,4.428610485412011,4.428610485412011,4.612146250360485,4.612146250360485]","[1,0,1,0,1,1,1,1,1,1]","[1,0,1,0,1,1,1,1,1,1]",8,2,8,2,1,1,1,1,1,1
p5s0c_train_t0_r02_s5102_low_mu0.285139,p5s0c_train_t0_root02_s5102,0,LOW,0.2851387636485543,10,5,"[3.304445199870345,3.304445199870345,3.484570775284657,3.484570775284657,4.191219974510905,4.191219974510905,4.53748219249262,4.53748219249262,4.78416089893309,4.78416089893309]","[0,0,0,0,1,1,1,1,1,1]","[1,1,1,1,1,1,1,1,1,1]",6,4,10,0,1,0,1,1,1,1
p5s0c_train_t0_r02_s5102_mid_mu0.571550,p5s0c_train_t0_root02_s5102,0,MID,0.5715496239149224,10,5,"[3.301786731255919,3.301786731255919,3.4234238505617176,3.4234238505617176,3.915237914902276,3.915237914902276,4.561601689584602,4.561601689584602,4.615975345568856,4.615975345568856]","[1,1,1,1,1,1,1,1,1,1]","[1,1,1,1,1,1,1,1,1,1]",10,0,10,0,0,0,1,1,1,1
p5s0c_train_t0_r03_s5103_high_mu0.970453,p5s0c_train_t0_root03_s5103,0,HIGH,0.9704531443351276,10,5,"[3.397869680808585,3.397869680808585,3.664580459263028,3.664580459263028,4.198349120516071,4.198349120516071,4.203484502726651,4.203484502726651,4.922836541163274,4.922836541163274]","[1,0,1,1,1,1,1,1,1,1]","[1,0,1,1,1,1,1,1,1,1]",9,1,9,1,1,1,1,1,1,1
p5s0c_train_t0_r03_s5103_low_mu0.233498,p5s0c_train_t0_root03_s5103,0,LOW,0.2334976939575435,10,5,"[3.333658936061876,3.333658936061876,3.46881739913406,3.46881739913406,4.122729430797518,4.122729430797518,4.423169348756639,4.423169348756639,4.960470832047788,4.960470832047788]","[0,0,0,0,0,0,1,0,1,1]","[1,1,1,1,1,1,1,1,1,1]",3,7,10,0,1,0,1,1,1,1
p5s0c_train_t0_r03_s5103_mid_mu0.554454,p5s0c_train_t0_root03_s5103,0,MID,0.5544542093115656,10,5,"[3.3542693842279907,3.3542693842279907,3.536258992316307,3.536258992316307,3.823228162939641,3.823228162939641,4.505821501921208,4.505821501921208,4.81813162942436,4.81813162942436]","[1,1,1,1,1,1,1,1,1,1]","[1,1,1,1,1,1,1,1,1,1]",10,0,10,0,0,0,1,1,1,1
p5s0c_train_t0_r04_s5104_high_mu0.905657,p5s0c_train_t0_root04_s5104,0,HIGH,0.9056570160733268,10,5,"[3.395650535552486,3.395650535552486,3.7501791374175193,3.7501791374175193,3.853747570816002,3.853747570816002,4.521782552974874,4.521782552974874,4.7501816720434284,4.7501816720434284]","[1,1,1,1,1,1,1,1,1,1]","[1,1,1,1,1,1,1,1,1,1]",10,0,10,0,0,0,1,1,1,1
p5s0c_train_t0_r04_s5104_low_mu0.298968,p5s0c_train_t0_root04_s5104,0,LOW,0.2989681415686305,10,5,"[3.3463605549543933,3.3463605549543933,3.5275338354523917,3.5275338354523917,4.02390188499984,4.02390188499984,4.315760958917736,4.315760958917736,4.8646121942607685,4.8646121942607685]","[0,0,0,0,0,0,1,1,1,1]","[1,1,1,1,1,1,1,1,1,1]",4,6,10,0,1,0,1,1,1,1
p5s0c_train_t0_r04_s5104_mid_mu0.572072,p5s0c_train_t0_root04_s5104,0,MID,0.5720723245328282,10,5,"[3.3051311903557075,3.3051311903557075,3.4957588534464934,3.4957588534464934,4.063549828889162,4.063549828889162,4.498515023314507,4.498515023314507,4.627723989696071,4.627723989696071]","[1,1,1,1,1,1,1,1,1,1]","[1,1,1,1,1,1,1,1,1,1]",10,0,10,0,0,0,1,1,1,1
p5s0c_train_t0_r05_s5105_high_mu0.913775,p5s0c_train_t0_root05_s5105,0,HIGH,0.913775019025229,10,5,"[3.1460206603544147,3.1460206603544147,3.4608823958112067,3.4608823958112067,3.920283951796844,3.920283951796844,4.254814369293597,4.254814369293597,4.9913273990690445,4.9913273990690445]","[1,1,1,1,1,1,1,1,1,1]","[1,1,1,1,1,1,1,1,1,1]",10,0,10,0,0,0,1,1,1,1
p5s0c_train_t0_r05_s5105_low_mu0.252358,p5s0c_train_t0_root05_s5105,0,LOW,0.2523584006618226,10,5,"[3.097658731869344,3.097658731869344,3.681842360269451,3.681842360269451,3.8006191494530257,3.8006191494530257,4.243859561731617,4.243859561731617,4.687651871335493,4.687651871335493]","[0,0,0,0,0,0,1,1,1,1]","[1,1,1,1,1,1,1,1,1,1]",4,6,10,0,1,0,1,1,1,1
p5s0c_train_t0_r05_s5105_mid_mu0.529333,p5s0c_train_t0_root05_s5105,0,MID,0.5293331885497402,10,5,"[3.314461214633906,3.314461214633906,3.4543794517133555,3.4543794517133555,3.897830783725788,3.897830783725788,4.423970878927225,4.423970878927225,4.729842036103465,4.729842036103465]","[1,1,1,1,1,1,1,1,1,1]","[1,1,1,1,1,1,1,1,1,1]",10,0,10,0,0,0,1,1,1,1
p5s0c_train_t1_r00_s5100_high_mu0.921500,p5s0c_train_t1_root00_s5100,1,HIGH,0.9215002256494116,10,5,"[4.21210095834229,4.21210095834229,4.539502146681921,4.539502146681921,5.064144012551618,5.064144012551618,5.340909749997316,5.340909749997316,5.6702052804400624,5.6702052804400624]","[1,1,1,1,1,1,1,1,1,1]","[1,1,1,1,1,1,1,1,1,1]",10,0,10,0,0,0,1,1,1,1
p5s0c_train_t1_r00_s5100_low_mu0.240019,p5s0c_train_t1_root00_s5100,1,LOW,0.2400185570682393,10,5,"[4.164645625838943,4.164645625838943,4.421121521276834,4.421121521276834,5.119637846314241,5.119637846314241,5.502161488735795,5.502161488735795,5.859326751521704,5.859326751521704]","[0,0,0,0,0,0,0,0,0,0]","[0,0,0,0,1,0,1,1,0,0]",0,10,3,7,0,1,1,1,1,1
p5s0c_train_t1_r00_s5100_mid_mu0.467048,p5s0c_train_t1_root00_s5100,1,MID,0.4670478243968788,10,5,"[4.154801664363949,4.154801664363949,4.772503047650745,4.772503047650745,5.023419669736597,5.023419669736597,5.482512073127117,5.482512073127117,5.671332546530255,5.671332546530255]","[0,0,1,1,1,1,1,1,1,1]","[1,0,1,1,1,1,1,1,1,1]",8,2,9,1,1,1,1,1,1,1
p5s0c_train_t1_r01_s5101_high_mu0.920754,p5s0c_train_t1_root01_s5101,1,HIGH,0.9207541147845438,10,5,"[4.338078926384688,4.338078926384688,4.44240793198037,4.44240793198037,4.813712498162126,4.813712498162126,5.489677305552813,5.489677305552813,5.6332451054602055,5.6332451054602055]","[1,1,1,1,1,1,1,1,1,1]","[1,1,1,1,1,1,1,1,1,1]",10,0,10,0,0,0,1,1,1,1
p5s0c_train_t1_r01_s5101_low_mu0.271996,p5s0c_train_t1_root01_s5101,1,LOW,0.2719961745269844,10,5,"[4.022641498213649,4.022641498213649,4.557928243459699,4.557928243459699,5.107717938919584,5.107717938919584,5.368121340026501,5.368121340026501,5.658111754514343,5.658111754514343]","[0,0,0,0,0,0,0,0,1,1]","[0,0,0,0,1,0,1,1,1,1]",2,8,5,5,1,1,1,1,1,1
p5s0c_train_t1_r01_s5101_mid_mu0.506177,p5s0c_train_t1_root01_s5101,1,MID,0.5061774499381578,10,5,"[4.2478906691026745,4.2478906691026745,4.680680042814863,4.680680042814863,5.087600296865551,5.087600296865551,5.567167343593535,5.567167343593535,5.920660595226906,5.920660595226906]","[0,0,1,1,1,1,1,1,1,1]","[0,0,1,1,1,1,1,1,1,1]",8,2,8,2,1,1,1,1,1,1
p5s0c_train_t1_r02_s5102_high_mu0.917516,p5s0c_train_t1_root02_s5102,1,HIGH,0.9175159521214378,10,5,"[4.046544282374859,4.046544282374859,4.645521271192858,4.645521271192858,4.991993577424889,4.991993577424889,5.202270075450634,5.202270075450634,5.813023510775293,5.813023510775293]","[1,1,1,1,1,1,1,1,1,1]","[1,1,1,1,1,1,1,1,1,1]",10,0,10,0,0,0,1,1,1,1
p5s0c_train_t1_r02_s5102_low_mu0.211510,p5s0c_train_t1_root02_s5102,1,LOW,0.2115097508855512,10,5,"[4.244758741018327,4.244758741018327,4.628489652754248,4.628489652754248,4.896070123380016,4.896070123380016,5.549562242377508,5.549562242377508,5.729339031593505,5.729339031593505]","[0,0,0,0,0,0,0,0,0,0]","[0,0,0,0,0,0,0,1,0,0]",0,10,1,9,0,1,1,1,1,1
p5s0c_train_t1_r02_s5102_mid_mu0.509876,p5s0c_train_t1_root02_s5102,1,MID,0.509875894662746,10,5,"[4.094368940039778,4.094368940039778,4.703787687371598,4.703787687371598,4.807712968748104,4.807712968748104,5.429323358250914,5.429323358250914,5.88692354114526,5.88692354114526]","[0,0,1,1,1,1,0,1,1,1]","[1,1,1,1,1,1,1,1,1,1]",7,3,10,0,1,0,1,1,1,1
p5s0c_train_t1_r03_s5103_high_mu0.994255,p5s0c_train_t1_root03_s5103,1,HIGH,0.9942547016813208,10,5,"[4.032550079235487,4.032550079235487,4.610066550785013,4.610066550785013,5.155131018235401,5.155131018235401,5.319473824847019,5.319473824847019,5.705129342952412,5.705129342952412]","[1,1,1,1,1,1,1,1,1,1]","[1,1,1,1,1,1,1,1,1,1]",10,0,10,0,0,0,1,1,1,1
p5s0c_train_t1_r03_s5103_low_mu0.252239,p5s0c_train_t1_root03_s5103,1,LOW,0.2522389282215292,10,5,"[4.363649450800043,4.363649450800043,4.546908323699988,4.546908323699988,5.046982974873693,5.046982974873693,5.340767218731952,5.340767218731952,5.943215935032666,5.943215935032666]","[0,0,0,0,0,0,0,0,1,1]","[0,0,0,0,0,1,1,1,1,1]",2,8,5,5,1,1,1,1,1,1
p5s0c_train_t1_r03_s5103_mid_mu0.580481,p5s0c_train_t1_root03_s5103,1,MID,0.5804812058382962,10,5,"[4.102998937138528,4.102998937138528,4.550383456840101,4.550383456840101,4.821467928584696,4.821467928584696,5.473552530129805,5.473552530129805,5.810926924157705,5.810926924157705]","[1,1,1,1,1,1,1,1,1,1]","[1,1,1,1,1,1,1,1,1,1]",10,0,10,0,0,0,1,1,1,1
p5s0c_train_t1_r04_s5104_high_mu0.989461,p5s0c_train_t1_root04_s5104,1,HIGH,0.9894606289679416,10,5,"[4.369303635272635,4.369303635272635,4.728456625914877,4.728456625914877,4.807289371850478,4.807289371850478,5.575498232484046,5.575498232484046,5.953857169614121,5.953857169614121]","[1,1,1,1,1,1,1,1,1,1]","[1,1,1,1,1,1,1,1,1,1]",10,0,10,0,0,0,1,1,1,1
p5s0c_train_t1_r04_s5104_low_mu0.223399,p5s0c_train_t1_root04_s5104,1,LOW,0.2233988467038157,10,5,"[4.206096551576313,4.206096551576313,4.699789215407094,4.699789215407094,4.99376081747376,4.99376081747376,5.242796083300154,5.242796083300154,5.960140104231352,5.960140104231352]","[0,0,0,0,0,0,0,0,1,1]","[0,0,0,0,0,0,1,1,1,1]",2,8,4,6,1,1,1,1,1,1
p5s0c_train_t1_r04_s5104_mid_mu0.589024,p5s0c_train_t1_root04_s5104,1,MID,0.5890240876672719,10,5,"[4.117024133820839,4.117024133820839,4.654924611399999,4.654924611399999,5.087361532190781,5.087361532190781,5.379140542338786,5.379140542338786,5.968989986633949,5.968989986633949]","[1,1,1,1,1,1,1,1,1,1]","[1,1,1,1,1,1,1,1,1,1]",10,0,10,0,0,0,1,1,1,1
p5s0c_train_t1_r05_s5105_high_mu0.901787,p5s0c_train_t1_root05_s5105,1,HIGH,0.9017871422121704,10,5,"[4.09191288039365,4.09191288039365,4.664546554144782,4.664546554144782,4.912183714085512,4.912183714085512,5.507581539991828,5.507581539991828,5.770738234158682,5.770738234158682]","[1,1,1,1,1,1,1,1,1,1]","[1,1,1,1,1,1,1,1,1,1]",10,0,10,0,0,0,1,1,1,1
p5s0c_train_t1_r05_s5105_low_mu0.281471,p5s0c_train_t1_root05_s5105,1,LOW,0.2814708484330954,10,5,"[4.051380762050056,4.051380762050056,4.651381570381043,4.651381570381043,4.888889194071916,4.888889194071916,5.45426664831663,5.45426664831663,5.869333434272343,5.869333434272343]","[0,0,0,0,0,0,0,0,1,1]","[0,0,0,0,0,1,1,1,1,1]",2,8,5,5,1,1,1,1,1,1
p5s0c_train_t1_r05_s5105_mid_mu0.533126,p5s0c_train_t1_root05_s5105,1,MID,0.5331259916067848,10,5,"[4.251500823527196,4.251500823527196,4.46335115057102,4.46335115057102,4.963415498461771,4.963415498461771,5.30099933454891,5.30099933454891,5.984855347684767,5.984855347684767]","[1,1,1,1,1,1,1,1,1,1]","[1,1,1,1,1,1,1,1,1,1]",10,0,10,0,0,0,1,1,1,1
p5s0c_train_t5_r00_s5100_high_mu0.945004,p5s0c_train_t5_root00_s5100,5,HIGH,0.9450036831015114,10,5,"[3.3505755204828644,3.3505755204828644,3.5585173118758044,3.5585173118758044,3.861223556223132,3.861223556223132,4.469635244548228,4.469635244548228,4.703840318327821,4.703840318327821]","[1,1,1,1,1,1,1,1,1,1]","[1,1,1,1,1,1,1,1,1,1]",10,0,10,0,0,0,1,1,1,1
p5s0c_train_t5_r00_s5100_low_mu0.270805,p5s0c_train_t5_root00_s5100,5,LOW,0.2708052527683458,10,5,"[3.269748668514723,3.269748668514723,3.642154766524445,3.642154766524445,3.868495292791647,3.868495292791647,4.262457200031596,4.262457200031596,4.607648212984033,4.607648212984033]","[0,0,0,0,0,0,1,1,1,1]","[1,1,1,1,1,1,1,1,1,1]",4,6,10,0,1,0,1,1,1,1
p5s0c_train_t5_r00_s5100_mid_mu0.538330,p5s0c_train_t5_root00_s5100,5,MID,0.538330484944251,10,5,"[3.3783778960898334,3.3783778960898334,3.724624453815742,3.724624453815742,3.806626624175867,3.806626624175867,4.473636225380101,4.473636225380101,4.899777177127945,4.899777177127945]","[1,1,1,1,1,1,1,1,1,1]","[1,1,1,1,1,1,1,1,1,1]",10,0,10,0,0,0,1,1,1,1
p5s0c_train_t5_r01_s5101_high_mu0.977978,p5s0c_train_t5_root01_s5101,5,HIGH,0.9779779583271984,10,5,"[3.090115265052377,3.090115265052377,3.5306077564098737,3.5306077564098737,4.058922122692139,4.058922122692139,4.2990048795726326,4.2990048795726326,4.767481637100028,4.767481637100028]","[1,1,1,1,1,1,1,1,1,1]","[1,1,1,1,1,1,1,1,1,1]",10,0,10,0,0,0,1,1,1,1
p5s0c_train_t5_r01_s5101_low_mu0.269928,p5s0c_train_t5_root01_s5101,5,LOW,0.2699280391435209,10,5,"[3.177409629369215,3.177409629369215,3.546853126356996,3.546853126356996,3.821531148992524,3.821531148992524,4.489266233766688,4.489266233766688,4.751575092897414,4.751575092897414]","[0,0,0,0,0,0,1,1,1,1]","[1,1,1,1,1,1,1,1,1,1]",4,6,10,0,1,0,1,1,1,1
p5s0c_train_t5_r01_s5101_mid_mu0.531976,p5s0c_train_t5_root01_s5101,5,MID,0.5319764380853421,10,5,"[3.320795934166386,3.320795934166386,3.4506289941814625,3.4506289941814625,4.039076053805774,4.039076053805774,4.306801978581236,4.306801978581236,4.722125450637501,4.722125450637501]","[1,1,1,1,1,1,1,1,1,1]","[1,1,1,1,1,1,1,1,1,1]",10,0,10,0,0,0,1,1,1,1
p5s0c_train_t5_r02_s5102_high_mu0.938254,p5s0c_train_t5_root02_s5102,5,HIGH,0.9382535774444988,10,5,"[3.0695896790224766,3.0695896790224766,3.703419886287761,3.703419886287761,4.0351580201941095,4.0351580201941095,4.424210392196606,4.424210392196606,4.80637248651438,4.80637248651438]","[1,1,1,1,1,1,1,1,1,1]","[1,1,1,1,1,1,1,1,1,1]",10,0,10,0,0,0,1,1,1,1
p5s0c_train_t5_r02_s5102_low_mu0.295394,p5s0c_train_t5_root02_s5102,5,LOW,0.2953937543558703,10,5,"[3.359002609041246,3.359002609041246,3.4949309412787253,3.4949309412787253,4.188433381666139,4.188433381666139,4.235094698618203,4.235094698618203,4.631759571926591,4.631759571926591]","[0,0,0,0,1,1,1,1,1,1]","[1,1,1,1,1,1,1,1,1,1]",6,4,10,0,1,0,1,1,1,1
p5s0c_train_t5_r02_s5102_mid_mu0.569222,p5s0c_train_t5_root02_s5102,5,MID,0.5692222329044275,10,5,"[3.326982183217865,3.326982183217865,3.7413191163504615,3.7413191163504615,3.8358243299075543,3.8358243299075543,4.23807261283251,4.23807261283251,4.723629532817161,4.723629532817161]","[1,1,1,1,1,1,1,1,1,1]","[1,1,1,1,1,1,1,1,1,1]",10,0,10,0,0,0,1,1,1,1
p5s0c_train_t5_r03_s5103_high_mu0.971853,p5s0c_train_t5_root03_s5103,5,HIGH,0.9718526963499344,10,5,"[3.3608180678243462,3.3608180678243462,3.628912388163628,3.628912388163628,4.069949422512093,4.069949422512093,4.288949023293027,4.288949023293027,4.993325242802623,4.993325242802623]","[1,1,1,1,1,1,1,1,1,1]","[1,1,1,1,1,1,1,1,1,1]",10,0,10,0,0,0,1,1,1,1
p5s0c_train_t5_r03_s5103_low_mu0.268456,p5s0c_train_t5_root03_s5103,5,LOW,0.2684556388624265,10,5,"[3.191621406647813,3.191621406647813,3.582666527275574,3.582666527275574,4.195723631415104,4.195723631415104,4.478425602947612,4.478425602947612,4.953303585022305,4.953303585022305]","[0,0,0,0,1,1,1,1,1,1]","[1,1,1,1,1,1,1,1,1,1]",6,4,10,0,1,0,1,1,1,1
p5s0c_train_t5_r03_s5103_mid_mu0.579422,p5s0c_train_t5_root03_s5103,5,MID,0.5794217219847442,10,5,"[3.1599064829314845,3.1599064829314845,3.559962942614681,3.559962942614681,4.162056565246949,4.162056565246949,4.473288854491869,4.473288854491869,4.94203364622491,4.94203364622491]","[1,1,1,1,1,1,1,1,1,1]","[1,1,1,1,1,1,1,1,1,1]",10,0,10,0,0,0,1,1,1,1
p5s0c_train_t5_r04_s5104_high_mu0.927670,p5s0c_train_t5_root04_s5104,5,HIGH,0.9276696852071152,10,5,"[3.2394128450123354,3.2394128450123354,3.635866699059798,3.635866699059798,3.832764692216405,3.832764692216405,4.317429297815402,4.317429297815402,4.904842284926958,4.904842284926958]","[1,1,1,1,1,1,1,1,1,1]","[1,1,1,1,1,1,1,1,1,1]",10,0,10,0,0,0,1,1,1,1
p5s0c_train_t5_r04_s5104_low_mu0.296413,p5s0c_train_t5_root04_s5104,5,LOW,0.2964132778649048,10,5,"[3.169424946090528,3.169424946090528,3.640186513505992,3.640186513505992,4.188006786238083,4.188006786238083,4.213811459672577,4.213811459672577,4.727209230876554,4.727209230876554]","[0,0,0,0,1,1,1,1,1,1]","[1,1,1,1,1,1,1,1,1,1]",6,4,10,0,1,0,1,1,1,1
p5s0c_train_t5_r04_s5104_mid_mu0.479493,p5s0c_train_t5_root04_s5104,5,MID,0.4794931193111124,10,5,"[3.1973543111219453,3.1973543111219453,3.510988756500796,3.510988756500796,3.892898581844683,3.892898581844683,4.209336942106862,4.209336942106862,4.693284169809994,4.693284169809994]","[0,0,1,1,1,1,1,1,1,1]","[1,1,1,1,1,1,1,1,1,1]",8,2,10,0,1,0,1,1,1,1
p5s0c_train_t5_r05_s5105_high_mu0.955667,p5s0c_train_t5_root05_s5105,5,HIGH,0.9556674783451712,10,5,"[3.0062501232194427,3.0062501232194427,3.718752213787059,3.718752213787059,4.1778697985555615,4.1778697985555615,4.456360333739941,4.456360333739941,4.635735979216636,4.635735979216636]","[1,1,1,1,1,1,1,1,1,1]","[1,1,1,1,1,1,1,1,1,1]",10,0,10,0,0,0,1,1,1,1
p5s0c_train_t5_r05_s5105_low_mu0.212460,p5s0c_train_t5_root05_s5105,5,LOW,0.212459898799269,10,5,"[3.204752546533597,3.204752546533597,3.5016832827213094,3.5016832827213094,3.8496685003493063,3.8496685003493063,4.5381410013675305,4.5381410013675305,4.814072737911314,4.814072737911314]","[0,0,0,0,0,0,0,0,0,1]","[1,1,1,1,1,1,1,1,1,1]",1,9,10,0,1,0,1,1,1,1
p5s0c_train_t5_r05_s5105_mid_mu0.478580,p5s0c_train_t5_root05_s5105,5,MID,0.4785796961711498,10,5,"[3.3676468721425934,3.3676468721425934,3.4036003543621374,3.4036003543621374,3.959898972486841,3.959898972486841,4.2547638588195005,4.2547638588195005,4.678813412135296,4.678813412135296]","[0,0,0,1,1,1,1,1,1,1]","[1,1,1,1,1,1,1,1,1,1]",7,3,10,0,1,0,1,1,1,1
p5s0c_train_t6_r00_s5100_high_mu0.989348,p5s0c_train_t6_root00_s5100,6,HIGH,0.9893482298937868,10,5,"[3.118939854783293,3.118939854783293,3.374536206490053,3.374536206490053,3.420561812221824,3.420561812221824,3.711649944351442,3.711649944351442,3.9020630571708086,3.9020630571708086]","[1,1,1,1,1,1,1,1,1,1]","[1,1,1,1,1,1,1,1,1,1]",10,0,10,0,0,0,1,1,1,1
p5s0c_train_t6_r00_s5100_low_mu0.257577,p5s0c_train_t6_root00_s5100,6,LOW,0.2575768733744629,10,5,"[3.1086760894420093,3.1086760894420093,3.3521898449851317,3.3521898449851317,3.53833654766595,3.53833654766595,3.766193618328142,3.766193618328142,3.800200564455172,3.800200564455172]","[1,1,1,1,1,1,1,1,1,1]","[1,1,1,1,1,1,1,1,1,1]",10,0,10,0,0,0,1,1,1,1
p5s0c_train_t6_r00_s5100_mid_mu0.558595,p5s0c_train_t6_root00_s5100,6,MID,0.5585950380614311,10,5,"[3.0321505346765973,3.0321505346765973,3.3971765458778984,3.3971765458778984,3.5836735770025565,3.5836735770025565,3.7820603774361614,3.7820603774361614,3.858299889351411,3.858299889351411]","[1,1,1,1,1,1,1,1,1,1]","[1,1,1,1,1,1,1,1,1,1]",10,0,10,0,0,0,1,1,1,1
p5s0c_train_t6_r01_s5101_high_mu0.910021,p5s0c_train_t6_root01_s5101,6,HIGH,0.910021416560606,10,5,"[3.135201896689729,3.135201896689729,3.320934098702107,3.320934098702107,3.406110840966014,3.406110840966014,3.761252869981123,3.761252869981123,3.9723290740747146,3.9723290740747146]","[1,1,1,1,1,1,1,1,1,1]","[1,1,1,1,1,1,1,1,1,1]",10,0,10,0,0,0,1,1,1,1
p5s0c_train_t6_r01_s5101_low_mu0.216789,p5s0c_train_t6_root01_s5101,6,LOW,0.2167888067328618,10,5,"[3.053677219107241,3.053677219107241,3.249553487899953,3.249553487899953,3.4829485075187443,3.4829485075187443,3.736096488632025,3.736096488632025,3.864153890652048,3.864153890652048]","[1,0,1,1,1,1,1,1,1,1]","[1,1,1,1,1,1,1,1,1,1]",9,1,10,0,1,0,1,1,1,1
p5s0c_train_t6_r01_s5101_mid_mu0.529103,p5s0c_train_t6_root01_s5101,6,MID,0.529103149795241,10,5,"[3.147717881459621,3.147717881459621,3.317226106756872,3.317226106756872,3.475849435215937,3.475849435215937,3.703882838375958,3.703882838375958,3.8748679654118297,3.8748679654118297]","[1,1,1,1,1,1,1,1,1,1]","[1,1,1,1,1,1,1,1,1,1]",10,0,10,0,0,0,1,1,1,1
p5s0c_train_t6_r02_s5102_high_mu0.958858,p5s0c_train_t6_root02_s5102,6,HIGH,0.9588583617780642,10,5,"[3.1322779683324327,3.1322779683324327,3.3344177055457886,3.3344177055457886,3.530476897205736,3.530476897205736,3.663451026906526,3.663451026906526,3.968070000165838,3.968070000165838]","[1,1,1,1,1,1,1,1,1,1]","[1,1,1,1,1,1,1,1,1,1]",10,0,10,0,0,0,1,1,1,1
p5s0c_train_t6_r02_s5102_low_mu0.225446,p5s0c_train_t6_root02_s5102,6,LOW,0.2254455884485326,10,5,"[3.1141002378675027,3.1141002378675027,3.362272390618529,3.362272390618529,3.441650493875718,3.441650493875718,3.616122715552837,3.616122715552837,3.965051015142602,3.965051015142602]","[0,1,1,1,1,1,1,1,1,1]","[0,1,1,1,1,1,1,1,1,1]",9,1,9,1,1,1,1,1,1,1
p5s0c_train_t6_r02_s5102_mid_mu0.568022,p5s0c_train_t6_root02_s5102,6,MID,0.5680218260664094,10,5,"[3.001736578401635,3.001736578401635,3.2707290577296604,3.2707290577296604,3.599214850723836,3.599214850723836,3.7633015241904815,3.7633015241904815,3.843478468160217,3.843478468160217]","[1,0,1,1,1,1,1,1,1,1]","[1,0,1,1,1,1,1,1,1,1]",9,1,9,1,1,1,1,1,1,1
p5s0c_train_t6_r03_s5103_high_mu0.989240,p5s0c_train_t6_root03_s5103,6,HIGH,0.9892401623583468,10,5,"[3.0687980275930915,3.0687980275930915,3.336008588687707,3.336008588687707,3.452773822923704,3.452773822923704,3.7052248045710336,3.7052248045710336,3.938422181531021,3.938422181531021]","[1,1,1,1,1,1,1,1,1,1]","[1,1,1,1,1,1,1,1,1,1]",10,0,10,0,0,0,1,1,1,1
p5s0c_train_t6_r03_s5103_low_mu0.298364,p5s0c_train_t6_root03_s5103,6,LOW,0.2983642867493329,10,5,"[3.148786898222252,3.148786898222252,3.2242706669654955,3.2242706669654955,3.5660968664584223,3.5660968664584223,3.776882604211004,3.776882604211004,3.9951533437943336,3.9951533437943336]","[1,1,1,1,1,1,1,1,1,1]","[1,1,1,1,1,1,1,1,1,1]",10,0,10,0,0,0,1,1,1,1
p5s0c_train_t6_r03_s5103_mid_mu0.494903,p5s0c_train_t6_root03_s5103,6,MID,0.4949034834883461,10,5,"[3.159782343208442,3.159782343208442,3.331464113310517,3.331464113310517,3.571269927063077,3.571269927063077,3.685635221259501,3.685635221259501,3.854679937560847,3.854679937560847]","[1,1,1,1,1,1,1,1,1,1]","[1,1,1,1,1,1,1,1,1,1]",10,0,10,0,0,0,1,1,1,1
p5s0c_train_t6_r04_s5104_high_mu0.970401,p5s0c_train_t6_root04_s5104,6,HIGH,0.9704010725401304,10,5,"[3.1554725761966145,3.1554725761966145,3.356948678879069,3.356948678879069,3.5914026358373032,3.5914026358373032,3.637732549871452,3.637732549871452,3.8449565248773534,3.8449565248773534]","[1,1,1,1,1,1,1,1,1,1]","[1,1,1,1,1,1,1,1,1,1]",10,0,10,0,0,0,1,1,1,1
p5s0c_train_t6_r04_s5104_low_mu0.226087,p5s0c_train_t6_root04_s5104,6,LOW,0.2260874595992573,10,5,"[3.1289781060547024,3.1289781060547024,3.394854844664247,3.394854844664247,3.5236156523102307,3.5236156523102307,3.7907748680960176,3.7907748680960176,3.992903436899384,3.992903436899384]","[1,0,0,1,1,1,1,1,1,1]","[1,0,1,1,1,1,1,1,1,1]",8,2,9,1,1,1,1,1,1,1
p5s0c_train_t6_r04_s5104_mid_mu0.562603,p5s0c_train_t6_root04_s5104,6,MID,0.5626032637468864,10,5,"[3.0123294105055067,3.0123294105055067,3.236113296476084,3.236113296476084,3.4289491573863016,3.4289491573863016,3.641446703968578,3.641446703968578,3.895231305527638,3.895231305527638]","[1,1,1,1,1,1,1,1,1,1]","[1,1,1,1,1,1,1,1,1,1]",10,0,10,0,0,0,1,1,1,1
p5s0c_train_t6_r05_s5105_high_mu0.940404,p5s0c_train_t6_root05_s5105,6,HIGH,0.9404040658568696,10,5,"[3.1218934474307294,3.1218934474307294,3.248592961686432,3.248592961686432,3.5060716773734875,3.5060716773734875,3.761867002075977,3.761867002075977,3.926866038437071,3.926866038437071]","[1,1,1,1,1,1,1,1,1,1]","[1,1,1,1,1,1,1,1,1,1]",10,0,10,0,0,0,1,1,1,1
p5s0c_train_t6_r05_s5105_low_mu0.260231,p5s0c_train_t6_root05_s5105,6,LOW,0.2602307033517269,10,5,"[3.111697402792563,3.111697402792563,3.365897423258434,3.365897423258434,3.53559763966456,3.53559763966456,3.7056658418046577,3.7056658418046577,3.814558847500338,3.814558847500338]","[0,1,1,1,1,1,1,1,1,1]","[0,1,1,1,1,1,1,1,1,1]",9,1,9,1,1,1,1,1,1,1
p5s0c_train_t6_r05_s5105_mid_mu0.481964,p5s0c_train_t6_root05_s5105,6,MID,0.481964315174943,10,5,"[3.044719578061611,3.044719578061611,3.3578421307455577,3.3578421307455577,3.579549721138465,3.579549721138465,3.650613377744291,3.650613377744291,3.909910461061327,3.909910461061327]","[1,1,1,1,1,1,1,1,1,1]","[1,1,1,1,1,1,1,1,1,1]",10,0,10,0,0,0,1,1,1,1
