model,seed,subset,n,positive,negative,threshold,nll,brier,failure_auprc,failure_recall,false_sufficient_rate,ece
PROBE_GRU_THRESHOLD,0,TEST_ALL_FORCES,192,144,48,0.5,0.14294749420317368,0.04495782955150171,0.9566208045581446,0.8333333333333334,0.16666666666666666,0.008939856582159757
PROBE_GRU_THRESHOLD,0,TEST_ALL_FORCES,192,144,48,0.9,0.14294749420317368,0.04495782955150171,0.9566208045581446,0.9791666666666666,0.020833333333333332,0.008939856582159757
PROBE_GRU_THRESHOLD,0,TEST_INTEGER_FORCES,132,92,40,0.5,0.1652967570991945,0.05214440937524658,0.9594496179053176,0.825,0.175,0.019785657223634127
PROBE_GRU_THRESHOLD,0,TEST_INTEGER_FORCES,132,92,40,0.9,0.1652967570991945,0.05214440937524658,0.9594496179053176,0.975,0.025,0.019785657223634127
PROBE_GRU_THRESHOLD,0,TEST_OFFGRID_FORCES,60,52,8,0.5,0.09377911583192793,0.029147353939263026,0.9474634740259741,0.875,0.125,0.027467374316559903
PROBE_GRU_THRESHOLD,0,TEST_OFFGRID_FORCES,60,52,8,0.9,0.09377911583192793,0.029147353939263026,0.9474634740259741,1.0,0.0,0.027467374316559903
PROBE_GRU_THRESHOLD,0,TEST_MIXED_CONTEXTS,116,68,48,0.5,0.19929537179642598,0.06570384338697925,0.9699122398305089,0.8333333333333334,0.16666666666666666,0.032895946821648585
PROBE_GRU_THRESHOLD,0,TEST_MIXED_CONTEXTS,116,68,48,0.9,0.19929537179642598,0.06570384338697925,0.9699122398305089,0.9791666666666666,0.020833333333333332,0.032895946821648585
PROBE_GRU_THRESHOLD,1,TEST_ALL_FORCES,192,144,48,0.5,0.177870654584842,0.053559599379173616,0.9403191688553015,0.8125,0.1875,0.015001313318097214
PROBE_GRU_THRESHOLD,1,TEST_ALL_FORCES,192,144,48,0.9,0.177870654584842,0.053559599379173616,0.9403191688553015,0.9791666666666666,0.020833333333333332,0.015001313318097214
PROBE_GRU_THRESHOLD,1,TEST_INTEGER_FORCES,132,92,40,0.5,0.2057963164582819,0.06318342023481818,0.9447700945427376,0.8,0.2,0.02394831092179625
PROBE_GRU_THRESHOLD,1,TEST_INTEGER_FORCES,132,92,40,0.9,0.2057963164582819,0.06318342023481818,0.9447700945427376,0.975,0.025,0.02394831092179625
PROBE_GRU_THRESHOLD,1,TEST_OFFGRID_FORCES,60,52,8,0.5,0.11643419846327434,0.03238719349675559,0.9395833333333333,0.875,0.125,0.022173831332474945
PROBE_GRU_THRESHOLD,1,TEST_OFFGRID_FORCES,60,52,8,0.9,0.11643419846327434,0.03238719349675559,0.9395833333333333,1.0,0.0,0.022173831332474945
PROBE_GRU_THRESHOLD,1,TEST_MIXED_CONTEXTS,116,68,48,0.5,0.24446017435055156,0.07566756933224425,0.9624262018592307,0.8125,0.1875,0.05578308550697142
PROBE_GRU_THRESHOLD,1,TEST_MIXED_CONTEXTS,116,68,48,0.9,0.24446017435055156,0.07566756933224425,0.9624262018592307,0.9791666666666666,0.020833333333333332,0.05578308550697142
PROBE_GRU_THRESHOLD,2,TEST_ALL_FORCES,192,144,48,0.5,0.1681405360827205,0.05533428534300955,0.9375150700939765,0.8125,0.1875,0.013231453704797058
PROBE_GRU_THRESHOLD,2,TEST_ALL_FORCES,192,144,48,0.9,0.1681405360827205,0.05533428534300955,0.9375150700939765,0.9791666666666666,0.020833333333333332,0.013231453704797058
PROBE_GRU_THRESHOLD,2,TEST_INTEGER_FORCES,132,92,40,0.5,0.19236665524794566,0.06375753971288116,0.9412106089783496,0.825,0.175,0.019165153410597425
PROBE_GRU_THRESHOLD,2,TEST_INTEGER_FORCES,132,92,40,0.9,0.19236665524794566,0.06375753971288116,0.9412106089783496,0.975,0.025,0.019165153410597425
PROBE_GRU_THRESHOLD,2,TEST_OFFGRID_FORCES,60,52,8,0.5,0.11484307391922516,0.036803125729291994,0.8954691142191142,0.75,0.25,0.020729793082714977
PROBE_GRU_THRESHOLD,2,TEST_OFFGRID_FORCES,60,52,8,0.9,0.11484307391922516,0.036803125729291994,0.8954691142191142,1.0,0.0,0.020729793082714977
PROBE_GRU_THRESHOLD,2,TEST_MIXED_CONTEXTS,116,68,48,0.5,0.21541004935049735,0.07302216806356204,0.9619460640307477,0.8125,0.1875,0.029988644170739934
PROBE_GRU_THRESHOLD,2,TEST_MIXED_CONTEXTS,116,68,48,0.9,0.21541004935049735,0.07302216806356204,0.9619460640307477,0.9791666666666666,0.020833333333333332,0.029988644170739934
PROBE_GRU_THRESHOLD,3,TEST_ALL_FORCES,192,144,48,0.5,0.14289333941969928,0.04281839127485467,0.9598873847227078,0.8333333333333334,0.16666666666666666,0.018279424618394248
PROBE_GRU_THRESHOLD,3,TEST_ALL_FORCES,192,144,48,0.9,0.14289333941969928,0.04281839127485467,0.9598873847227078,0.9583333333333334,0.041666666666666664,0.018279424618394248
PROBE_GRU_THRESHOLD,3,TEST_INTEGER_FORCES,132,92,40,0.5,0.16368586403861146,0.0490920338966582,0.9647632831303524,0.85,0.15,0.024809383988030762
PROBE_GRU_THRESHOLD,3,TEST_INTEGER_FORCES,132,92,40,0.9,0.16368586403861146,0.0490920338966582,0.9647632831303524,0.95,0.05,0.024809383988030762
PROBE_GRU_THRESHOLD,3,TEST_OFFGRID_FORCES,60,52,8,0.5,0.09714978525809251,0.029016377506886896,0.9276270604395604,0.75,0.25,0.021630236040232464
PROBE_GRU_THRESHOLD,3,TEST_OFFGRID_FORCES,60,52,8,0.9,0.09714978525809251,0.029016377506886896,0.9276270604395604,1.0,0.0,0.021630236040232464
PROBE_GRU_THRESHOLD,3,TEST_MIXED_CONTEXTS,116,68,48,0.5,0.19816484758648192,0.06177418573011276,0.9725383994802511,0.8333333333333334,0.16666666666666666,0.01860639583244178
PROBE_GRU_THRESHOLD,3,TEST_MIXED_CONTEXTS,116,68,48,0.9,0.19816484758648192,0.06177418573011276,0.9725383994802511,0.9583333333333334,0.041666666666666664,0.01860639583244178
PROBE_GRU_THRESHOLD,4,TEST_ALL_FORCES,192,144,48,0.5,0.17894967952844473,0.051984436504629694,0.9308795299357882,0.875,0.125,0.030393347045742796
PROBE_GRU_THRESHOLD,4,TEST_ALL_FORCES,192,144,48,0.9,0.17894967952844473,0.051984436504629694,0.9308795299357882,0.9791666666666666,0.020833333333333332,0.030393347045742796
PROBE_GRU_THRESHOLD,4,TEST_INTEGER_FORCES,132,92,40,0.5,0.20571294326558665,0.060946914126604246,0.931232886629536,0.875,0.125,0.022037734772962735
PROBE_GRU_THRESHOLD,4,TEST_INTEGER_FORCES,132,92,40,0.9,0.20571294326558665,0.060946914126604246,0.931232886629536,0.975,0.025,0.022037734772962735
PROBE_GRU_THRESHOLD,4,TEST_OFFGRID_FORCES,60,52,8,0.5,0.1200704993067326,0.032266985736285676,0.9354166666666667,0.875,0.125,0.029134531940023103
PROBE_GRU_THRESHOLD,4,TEST_OFFGRID_FORCES,60,52,8,0.9,0.1200704993067326,0.032266985736285676,0.9354166666666667,1.0,0.0,0.029134531940023103
PROBE_GRU_THRESHOLD,4,TEST_MIXED_CONTEXTS,116,68,48,0.5,0.20878753281227316,0.061722689791179404,0.9732017162527071,0.875,0.125,0.048421333100373755
PROBE_GRU_THRESHOLD,4,TEST_MIXED_CONTEXTS,116,68,48,0.9,0.20878753281227316,0.061722689791179404,0.9732017162527071,0.9791666666666666,0.020833333333333332,0.048421333100373755
Q2F_GNP,0,TEST_ALL_FORCES,192,144,48,0.5,0.5033517582198251,0.16512042961723553,0.6704551999558099,0.0,1.0,0.12462328591694435
Q2F_GNP,0,TEST_ALL_FORCES,192,144,48,0.9,0.5033517582198251,0.16512042961723553,0.6704551999558099,0.9166666666666666,0.08333333333333333,0.12462328591694435
Q2F_GNP,0,TEST_INTEGER_FORCES,132,92,40,0.5,0.5719269051148206,0.19365709754200283,0.6921107260736031,0.0,1.0,0.15712764678579388
Q2F_GNP,0,TEST_INTEGER_FORCES,132,92,40,0.9,0.5719269051148206,0.19365709754200283,0.6921107260736031,0.9,0.1,0.15712764678579388
Q2F_GNP,0,TEST_OFFGRID_FORCES,60,52,8,0.5,0.3524864350508354,0.10233976018274742,0.7709237861811392,0.0,1.0,0.18999686737855276
Q2F_GNP,0,TEST_OFFGRID_FORCES,60,52,8,0.9,0.3524864350508354,0.10233976018274742,0.7709237861811392,1.0,0.0,0.18999686737855276
Q2F_GNP,0,TEST_MIXED_CONTEXTS,116,68,48,0.5,0.7024959930891795,0.24897199985601276,0.7121123080259286,0.0,1.0,0.16204753312571293
Q2F_GNP,0,TEST_MIXED_CONTEXTS,116,68,48,0.9,0.7024959930891795,0.24897199985601276,0.7121123080259286,0.9166666666666666,0.08333333333333333,0.16204753312571293
Q2F_GNP,1,TEST_ALL_FORCES,192,144,48,0.5,0.16123396733666276,0.046163772516656314,0.9605458148525404,0.8333333333333334,0.16666666666666666,0.051256026306267154
Q2F_GNP,1,TEST_ALL_FORCES,192,144,48,0.9,0.16123396733666276,0.046163772516656314,0.9605458148525404,0.9791666666666666,0.020833333333333332,0.051256026306267154
Q2F_GNP,1,TEST_INTEGER_FORCES,132,92,40,0.5,0.17685716238739418,0.05164820812565487,0.970791928063063,0.85,0.15,0.04909970467402177
Q2F_GNP,1,TEST_INTEGER_FORCES,132,92,40,0.9,0.17685716238739418,0.05164820812565487,0.970791928063063,1.0,0.0,0.04909970467402177
Q2F_GNP,1,TEST_OFFGRID_FORCES,60,52,8,0.5,0.12686293822505365,0.03409801417685947,0.8921721813725491,0.75,0.25,0.011859767852971936
Q2F_GNP,1,TEST_OFFGRID_FORCES,60,52,8,0.9,0.12686293822505365,0.03409801417685947,0.8921721813725491,0.875,0.125,0.011859767852971936
Q2F_GNP,1,TEST_MIXED_CONTEXTS,116,68,48,0.5,0.23116379274035148,0.07097548401307967,0.9768975072627135,0.8333333333333334,0.16666666666666666,0.09153054887428878
Q2F_GNP,1,TEST_MIXED_CONTEXTS,116,68,48,0.9,0.23116379274035148,0.07097548401307967,0.9768975072627135,0.9791666666666666,0.020833333333333332,0.09153054887428878
Q2F_GNP,2,TEST_ALL_FORCES,192,144,48,0.5,0.14970987169032257,0.04433053820307245,0.9577841861400567,0.8125,0.1875,0.009789105218563531
Q2F_GNP,2,TEST_ALL_FORCES,192,144,48,0.9,0.14970987169032257,0.04433053820307245,0.9577841861400567,0.9583333333333334,0.041666666666666664,0.009789105218563531
Q2F_GNP,2,TEST_INTEGER_FORCES,132,92,40,0.5,0.1708610466842142,0.05031510777599365,0.9637005559600448,0.8,0.2,0.022926897687174284
Q2F_GNP,2,TEST_INTEGER_FORCES,132,92,40,0.9,0.1708610466842142,0.05031510777599365,0.9637005559600448,0.95,0.05,0.022926897687174284
Q2F_GNP,2,TEST_OFFGRID_FORCES,60,52,8,0.5,0.103177286703761,0.031164485142645817,0.9499198717948718,0.875,0.125,0.0277140467000815
Q2F_GNP,2,TEST_OFFGRID_FORCES,60,52,8,0.9,0.103177286703761,0.031164485142645817,0.9499198717948718,1.0,0.0,0.0277140467000815
Q2F_GNP,2,TEST_MIXED_CONTEXTS,116,68,48,0.5,0.20071692615925593,0.060719959325427716,0.9753780687210396,0.8125,0.1875,0.056679196438976925
Q2F_GNP,2,TEST_MIXED_CONTEXTS,116,68,48,0.9,0.20071692615925593,0.060719959325427716,0.9753780687210396,0.9583333333333334,0.041666666666666664,0.056679196438976925
Q2F_GNP,3,TEST_ALL_FORCES,192,144,48,0.5,0.16358999504468266,0.04417264286962195,0.9663864200917658,0.8541666666666666,0.14583333333333334,0.06824957883024278
Q2F_GNP,3,TEST_ALL_FORCES,192,144,48,0.9,0.16358999504468266,0.04417264286962195,0.9663864200917658,1.0,0.0,0.06824957883024278
Q2F_GNP,3,TEST_INTEGER_FORCES,132,92,40,0.5,0.1757238985193574,0.048546361191962636,0.9723432051015255,0.875,0.125,0.06632127625529063
Q2F_GNP,3,TEST_INTEGER_FORCES,132,92,40,0.9,0.1757238985193574,0.048546361191962636,0.9723432051015255,1.0,0.0,0.06632127625529063
Q2F_GNP,3,TEST_OFFGRID_FORCES,60,52,8,0.5,0.1368954074003982,0.03455046256047244,0.920405982905983,0.75,0.25,0.034090855717658984
Q2F_GNP,3,TEST_OFFGRID_FORCES,60,52,8,0.9,0.1368954074003982,0.03455046256047244,0.920405982905983,1.0,0.0,0.034090855717658984
Q2F_GNP,3,TEST_MIXED_CONTEXTS,116,68,48,0.5,0.21327609826701188,0.06082056875522482,0.9798166185553776,0.8541666666666666,0.14583333333333334,0.0699696981605014
Q2F_GNP,3,TEST_MIXED_CONTEXTS,116,68,48,0.9,0.21327609826701188,0.06082056875522482,0.9798166185553776,1.0,0.0,0.0699696981605014
Q2F_GNP,4,TEST_ALL_FORCES,192,144,48,0.5,0.17733765454168152,0.05269232514552178,0.94845495588885,0.8333333333333334,0.16666666666666666,0.039151147811935544
Q2F_GNP,4,TEST_ALL_FORCES,192,144,48,0.9,0.17733765454168152,0.05269232514552178,0.94845495588885,0.9583333333333334,0.041666666666666664,0.039151147811935544
Q2F_GNP,4,TEST_INTEGER_FORCES,132,92,40,0.5,0.20882558059111783,0.06323328914879196,0.9525366189836797,0.85,0.15,0.051554250910130314
Q2F_GNP,4,TEST_INTEGER_FORCES,132,92,40,0.9,0.20882558059111783,0.06323328914879196,0.9525366189836797,0.95,0.05,0.051554250910130314
Q2F_GNP,4,TEST_OFFGRID_FORCES,60,52,8,0.5,0.10806421723292169,0.02950220433832739,0.9499198717948718,0.75,0.25,0.022974920707444335
Q2F_GNP,4,TEST_OFFGRID_FORCES,60,52,8,0.9,0.10806421723292169,0.02950220433832739,0.9499198717948718,1.0,0.0,0.022974920707444335
Q2F_GNP,4,TEST_MIXED_CONTEXTS,116,68,48,0.5,0.2281424590872642,0.06962033282966255,0.9749786465984559,0.8333333333333334,0.16666666666666666,0.07261598988331794
Q2F_GNP,4,TEST_MIXED_CONTEXTS,116,68,48,0.9,0.2281424590872642,0.06962033282966255,0.9749786465984559,0.9583333333333334,0.041666666666666664,0.07261598988331794
Q2F_THRESHOLD,0,TEST_ALL_FORCES,192,144,48,0.5,0.34100346967646344,0.10979823932411936,0.7619530969581226,0.5833333333333334,0.4166666666666667,0.042274539669354745
Q2F_THRESHOLD,0,TEST_ALL_FORCES,192,144,48,0.9,0.34100346967646344,0.10979823932411936,0.7619530969581226,1.0,0.0,0.042274539669354745
Q2F_THRESHOLD,0,TEST_INTEGER_FORCES,132,92,40,0.5,0.38465838182931505,0.12629577280253018,0.7849309893287174,0.6,0.4,0.0377447611906312
Q2F_THRESHOLD,0,TEST_INTEGER_FORCES,132,92,40,0.9,0.38465838182931505,0.12629577280253018,0.7849309893287174,1.0,0.0,0.0377447611906312
Q2F_THRESHOLD,0,TEST_OFFGRID_FORCES,60,52,8,0.5,0.24496266294018978,0.07350366567161556,0.7003657902554962,0.5,0.5,0.04908923655748369
Q2F_THRESHOLD,0,TEST_OFFGRID_FORCES,60,52,8,0.9,0.24496266294018978,0.07350366567161556,0.7003657902554962,1.0,0.0,0.04908923655748369
Q2F_THRESHOLD,0,TEST_MIXED_CONTEXTS,116,68,48,0.5,0.4178617590975562,0.13620657006971132,0.91652466025196,0.5833333333333334,0.4166666666666667,0.14292880635837027
Q2F_THRESHOLD,0,TEST_MIXED_CONTEXTS,116,68,48,0.9,0.4178617590975562,0.13620657006971132,0.91652466025196,1.0,0.0,0.14292880635837027
Q2F_THRESHOLD,1,TEST_ALL_FORCES,192,144,48,0.5,0.18925491324213173,0.06169584102348128,0.9350565390130103,0.7291666666666666,0.2708333333333333,0.04514567238319958
Q2F_THRESHOLD,1,TEST_ALL_FORCES,192,144,48,0.9,0.18925491324213173,0.06169584102348128,0.9350565390130103,1.0,0.0,0.04514567238319958
Q2F_THRESHOLD,1,TEST_INTEGER_FORCES,132,92,40,0.5,0.22890455988124875,0.07709180852390757,0.930236644982323,0.7,0.3,0.026322702168024334
Q2F_THRESHOLD,1,TEST_INTEGER_FORCES,132,92,40,0.9,0.22890455988124875,0.07709180852390757,0.930236644982323,1.0,0.0,0.026322702168024334
Q2F_THRESHOLD,1,TEST_OFFGRID_FORCES,60,52,8,0.5,0.10202569063607421,0.027824712522543437,0.9396983225108225,0.875,0.125,0.031216474425552112
Q2F_THRESHOLD,1,TEST_OFFGRID_FORCES,60,52,8,0.9,0.10202569063607421,0.027824712522543437,0.9396983225108225,1.0,0.0,0.031216474425552112
Q2F_THRESHOLD,1,TEST_MIXED_CONTEXTS,116,68,48,0.5,0.23804213363579416,0.07848126592592855,0.9759215116130089,0.7291666666666666,0.2708333333333333,0.0799044952149384
Q2F_THRESHOLD,1,TEST_MIXED_CONTEXTS,116,68,48,0.9,0.23804213363579416,0.07848126592592855,0.9759215116130089,1.0,0.0,0.0799044952149384
Q2F_THRESHOLD,2,TEST_ALL_FORCES,192,144,48,0.5,0.39168686499108646,0.12749084896927562,0.7112486237815236,0.5,0.5,0.05537336583559711
Q2F_THRESHOLD,2,TEST_ALL_FORCES,192,144,48,0.9,0.39168686499108646,0.12749084896927562,0.7112486237815236,0.9791666666666666,0.020833333333333332,0.05537336583559711
Q2F_THRESHOLD,2,TEST_INTEGER_FORCES,132,92,40,0.5,0.421797953406581,0.14091402361305752,0.7565111252477706,0.6,0.4,0.08237073028629477
Q2F_THRESHOLD,2,TEST_INTEGER_FORCES,132,92,40,0.9,0.421797953406581,0.14091402361305752,0.7565111252477706,1.0,0.0,0.08237073028629477
Q2F_THRESHOLD,2,TEST_OFFGRID_FORCES,60,52,8,0.5,0.3254424704769986,0.0979598647529554,0.6628912732434404,0.0,1.0,0.07319571574529013
Q2F_THRESHOLD,2,TEST_OFFGRID_FORCES,60,52,8,0.9,0.3254424704769986,0.0979598647529554,0.6628912732434404,0.875,0.125,0.07319571574529013
Q2F_THRESHOLD,2,TEST_MIXED_CONTEXTS,116,68,48,0.5,0.48368359773556985,0.16423441165927105,0.9114610516381576,0.5,0.5,0.19663320122093988
Q2F_THRESHOLD,2,TEST_MIXED_CONTEXTS,116,68,48,0.9,0.48368359773556985,0.16423441165927105,0.9114610516381576,0.9791666666666666,0.020833333333333332,0.19663320122093988
Q2F_THRESHOLD,3,TEST_ALL_FORCES,192,144,48,0.5,0.1641630289524097,0.05323901671424328,0.9398029003583568,0.7916666666666666,0.20833333333333334,0.022493171049197562
Q2F_THRESHOLD,3,TEST_ALL_FORCES,192,144,48,0.9,0.1641630289524097,0.05323901671424328,0.9398029003583568,0.9583333333333334,0.041666666666666664,0.022493171049197562
Q2F_THRESHOLD,3,TEST_INTEGER_FORCES,132,92,40,0.5,0.19080371769114457,0.06333775783686992,0.9441357926430052,0.775,0.225,0.021419336191934046
Q2F_THRESHOLD,3,TEST_INTEGER_FORCES,132,92,40,0.9,0.19080371769114457,0.06333775783686992,0.9441357926430052,0.975,0.025,0.021419336191934046
Q2F_THRESHOLD,3,TEST_OFFGRID_FORCES,60,52,8,0.5,0.10555351372719297,0.0310217862444647,0.9443681318681318,0.875,0.125,0.016577722641765547
Q2F_THRESHOLD,3,TEST_OFFGRID_FORCES,60,52,8,0.9,0.10555351372719297,0.0310217862444647,0.9443681318681318,0.875,0.125,0.016577722641765547
Q2F_THRESHOLD,3,TEST_MIXED_CONTEXTS,116,68,48,0.5,0.20811185475230284,0.06912124917744071,0.9773313526871862,0.7916666666666666,0.20833333333333334,0.07567197936835796
Q2F_THRESHOLD,3,TEST_MIXED_CONTEXTS,116,68,48,0.9,0.20811185475230284,0.06912124917744071,0.9773313526871862,0.9583333333333334,0.041666666666666664,0.07567197936835796
Q2F_THRESHOLD,4,TEST_ALL_FORCES,192,144,48,0.5,0.3407405830370851,0.10890328289383949,0.7829722710213407,0.5625,0.4375,0.07867698557674885
Q2F_THRESHOLD,4,TEST_ALL_FORCES,192,144,48,0.9,0.3407405830370851,0.10890328289383949,0.7829722710213407,1.0,0.0,0.07867698557674885
Q2F_THRESHOLD,4,TEST_INTEGER_FORCES,132,92,40,0.5,0.39023814430743103,0.1288334978734921,0.8006937435677448,0.575,0.425,0.08699786730787973
Q2F_THRESHOLD,4,TEST_INTEGER_FORCES,132,92,40,0.9,0.39023814430743103,0.1288334978734921,0.8006937435677448,1.0,0.0,0.08699786730787973
Q2F_THRESHOLD,4,TEST_OFFGRID_FORCES,60,52,8,0.5,0.23184594824232402,0.06505680993860374,0.7944356909430439,0.5,0.5,0.08441782444715498
Q2F_THRESHOLD,4,TEST_OFFGRID_FORCES,60,52,8,0.9,0.23184594824232402,0.06505680993860374,0.7944356909430439,1.0,0.0,0.08441782444715498
Q2F_THRESHOLD,4,TEST_MIXED_CONTEXTS,116,68,48,0.5,0.4340302656666583,0.14422822622175496,0.9330719831193903,0.5625,0.4375,0.1994282048324059
Q2F_THRESHOLD,4,TEST_MIXED_CONTEXTS,116,68,48,0.9,0.4340302656666583,0.14422822622175496,0.9330719831193903,1.0,0.0,0.1994282048324059
STATIC_STATE_THRESHOLD,0,TEST_ALL_FORCES,192,144,48,0.5,0.16319873904198132,0.05048079008547616,0.9537797276488849,0.8333333333333334,0.16666666666666666,0.019054121629886286
STATIC_STATE_THRESHOLD,0,TEST_ALL_FORCES,192,144,48,0.9,0.16319873904198132,0.05048079008547616,0.9537797276488849,0.9583333333333334,0.041666666666666664,0.019054121629886286
STATIC_STATE_THRESHOLD,0,TEST_INTEGER_FORCES,132,92,40,0.5,0.18142762638886992,0.05587105891948305,0.9609160341348302,0.825,0.175,0.02489911864463327
STATIC_STATE_THRESHOLD,0,TEST_INTEGER_FORCES,132,92,40,0.9,0.18142762638886992,0.05587105891948305,0.9609160341348302,0.95,0.05,0.02489911864463327
STATIC_STATE_THRESHOLD,0,TEST_OFFGRID_FORCES,60,52,8,0.5,0.12309518687882633,0.03862219865066099,0.9440972222222223,0.875,0.125,0.016768242043738234
STATIC_STATE_THRESHOLD,0,TEST_OFFGRID_FORCES,60,52,8,0.9,0.12309518687882633,0.03862219865066099,0.9440972222222223,1.0,0.0,0.016768242043738234
STATIC_STATE_THRESHOLD,0,TEST_MIXED_CONTEXTS,116,68,48,0.5,0.24287281643140143,0.07560630036752501,0.966972208526021,0.8333333333333334,0.16666666666666666,0.03974119306951954
STATIC_STATE_THRESHOLD,0,TEST_MIXED_CONTEXTS,116,68,48,0.9,0.24287281643140143,0.07560630036752501,0.966972208526021,0.9583333333333334,0.041666666666666664,0.03974119306951954
STATIC_STATE_THRESHOLD,1,TEST_ALL_FORCES,192,144,48,0.5,0.16293403054049485,0.051752349574692685,0.9489103781829064,0.8125,0.1875,0.020596350231669832
STATIC_STATE_THRESHOLD,1,TEST_ALL_FORCES,192,144,48,0.9,0.16293403054049485,0.051752349574692685,0.9489103781829064,0.9166666666666666,0.08333333333333333,0.020596350231669832
STATIC_STATE_THRESHOLD,1,TEST_INTEGER_FORCES,132,92,40,0.5,0.19489443599516848,0.06056373162280244,0.950306094670296,0.825,0.175,0.020610264896858226
STATIC_STATE_THRESHOLD,1,TEST_INTEGER_FORCES,132,92,40,0.9,0.19489443599516848,0.06056373162280244,0.950306094670296,0.9,0.1,0.020610264896858226
STATIC_STATE_THRESHOLD,1,TEST_OFFGRID_FORCES,60,52,8,0.5,0.09262113854021288,0.03236730906885122,0.9568700396825397,0.75,0.25,0.005012172980166285
STATIC_STATE_THRESHOLD,1,TEST_OFFGRID_FORCES,60,52,8,0.9,0.09262113854021288,0.03236730906885122,0.9568700396825397,1.0,0.0,0.005012172980166285
STATIC_STATE_THRESHOLD,1,TEST_MIXED_CONTEXTS,116,68,48,0.5,0.2284826200541569,0.07301115858257923,0.9697032831836554,0.8125,0.1875,0.04919375871348777
STATIC_STATE_THRESHOLD,1,TEST_MIXED_CONTEXTS,116,68,48,0.9,0.2284826200541569,0.07301115858257923,0.9697032831836554,0.9166666666666666,0.08333333333333333,0.04919375871348777
STATIC_STATE_THRESHOLD,2,TEST_ALL_FORCES,192,144,48,0.5,0.16598419053298982,0.05151901650776907,0.9497891630663702,0.8333333333333334,0.16666666666666666,0.015232318323738517
STATIC_STATE_THRESHOLD,2,TEST_ALL_FORCES,192,144,48,0.9,0.16598419053298982,0.05151901650776907,0.9497891630663702,0.9375,0.0625,0.015232318323738517
STATIC_STATE_THRESHOLD,2,TEST_INTEGER_FORCES,132,92,40,0.5,0.18133452700038002,0.05763701917636787,0.9569213048575378,0.825,0.175,0.015945663455242478
STATIC_STATE_THRESHOLD,2,TEST_INTEGER_FORCES,132,92,40,0.9,0.18133452700038002,0.05763701917636787,0.9569213048575378,0.925,0.075,0.015945663455242478
STATIC_STATE_THRESHOLD,2,TEST_OFFGRID_FORCES,60,52,8,0.5,0.13221345030473128,0.038059410636851705,0.9440972222222223,0.875,0.125,0.014220812952450049
STATIC_STATE_THRESHOLD,2,TEST_OFFGRID_FORCES,60,52,8,0.9,0.13221345030473128,0.038059410636851705,0.9440972222222223,1.0,0.0,0.014220812952450049
STATIC_STATE_THRESHOLD,2,TEST_MIXED_CONTEXTS,116,68,48,0.5,0.24356217385068943,0.07662869314733221,0.965551537105748,0.8333333333333334,0.16666666666666666,0.04241489859849528
STATIC_STATE_THRESHOLD,2,TEST_MIXED_CONTEXTS,116,68,48,0.9,0.24356217385068943,0.07662869314733221,0.965551537105748,0.9375,0.0625,0.04241489859849528
STATIC_STATE_THRESHOLD,3,TEST_ALL_FORCES,192,144,48,0.5,0.16810323860074453,0.05207295087870534,0.9470586854465584,0.7916666666666666,0.20833333333333334,0.031189992492497463
STATIC_STATE_THRESHOLD,3,TEST_ALL_FORCES,192,144,48,0.9,0.16810323860074453,0.05207295087870534,0.9470586854465584,0.8958333333333334,0.10416666666666667,0.031189992492497463
STATIC_STATE_THRESHOLD,3,TEST_INTEGER_FORCES,132,92,40,0.5,0.20269557429733126,0.061858967819744905,0.9502057285201686,0.775,0.225,0.029899586752584216
STATIC_STATE_THRESHOLD,3,TEST_INTEGER_FORCES,132,92,40,0.9,0.20269557429733126,0.061858967819744905,0.9502057285201686,0.9,0.1,0.029899586752584216
STATIC_STATE_THRESHOLD,3,TEST_OFFGRID_FORCES,60,52,8,0.5,0.0920001000682538,0.030543713608418278,0.9440972222222223,0.875,0.125,0.008028674188906558
STATIC_STATE_THRESHOLD,3,TEST_OFFGRID_FORCES,60,52,8,0.9,0.0920001000682538,0.030543713608418278,0.9440972222222223,0.875,0.125,0.008028674188906558
STATIC_STATE_THRESHOLD,3,TEST_MIXED_CONTEXTS,116,68,48,0.5,0.23075115608578145,0.07173720229024633,0.9722059723698473,0.7916666666666666,0.20833333333333334,0.06098701994035892
STATIC_STATE_THRESHOLD,3,TEST_MIXED_CONTEXTS,116,68,48,0.9,0.23075115608578145,0.07173720229024633,0.9722059723698473,0.8958333333333334,0.10416666666666667,0.06098701994035892
STATIC_STATE_THRESHOLD,4,TEST_ALL_FORCES,192,144,48,0.5,0.173422800333238,0.05462108955599639,0.9454517316838618,0.8125,0.1875,0.01709733425383586
STATIC_STATE_THRESHOLD,4,TEST_ALL_FORCES,192,144,48,0.9,0.173422800333238,0.05462108955599639,0.9454517316838618,0.9166666666666666,0.08333333333333333,0.01709733425383586
STATIC_STATE_THRESHOLD,4,TEST_INTEGER_FORCES,132,92,40,0.5,0.19861806571615076,0.06220472406226038,0.9501757656455238,0.8,0.2,0.020890182539570628
STATIC_STATE_THRESHOLD,4,TEST_INTEGER_FORCES,132,92,40,0.9,0.19861806571615076,0.06220472406226038,0.9501757656455238,0.9,0.1,0.020890182539570628
STATIC_STATE_THRESHOLD,4,TEST_OFFGRID_FORCES,60,52,8,0.5,0.11799321649083004,0.03793709364221562,0.9440972222222223,0.875,0.125,0.013277489294283386
STATIC_STATE_THRESHOLD,4,TEST_OFFGRID_FORCES,60,52,8,0.9,0.11799321649083004,0.03793709364221562,0.9440972222222223,1.0,0.0,0.013277489294283386
STATIC_STATE_THRESHOLD,4,TEST_MIXED_CONTEXTS,116,68,48,0.5,0.2441212443136633,0.07793557740724388,0.9662847046659271,0.8125,0.1875,0.04487652309730003
STATIC_STATE_THRESHOLD,4,TEST_MIXED_CONTEXTS,116,68,48,0.9,0.2441212443136633,0.07793557740724388,0.9662847046659271,0.9166666666666666,0.08333333333333333,0.04487652309730003
TASK_FORCE_THRESHOLD,0,TEST_ALL_FORCES,192,144,48,0.5,0.4093113584432498,0.13532851784176014,0.6305846115689415,0.5,0.5,0.04229232420523959
TASK_FORCE_THRESHOLD,0,TEST_ALL_FORCES,192,144,48,0.9,0.4093113584432498,0.13532851784176014,0.6305846115689415,0.9791666666666666,0.020833333333333332,0.04229232420523959
TASK_FORCE_THRESHOLD,0,TEST_INTEGER_FORCES,132,92,40,0.5,0.4391682272713577,0.1491853114083834,0.6447834231232559,0.6,0.4,0.04664637870860819
TASK_FORCE_THRESHOLD,0,TEST_INTEGER_FORCES,132,92,40,0.9,0.4391682272713577,0.1491853114083834,0.6447834231232559,1.0,0.0,0.04664637870860819
TASK_FORCE_THRESHOLD,0,TEST_OFFGRID_FORCES,60,52,8,0.5,0.3436262470214126,0.10484357199518897,0.4536886795631982,0.0,1.0,0.0758503556251526
TASK_FORCE_THRESHOLD,0,TEST_OFFGRID_FORCES,60,52,8,0.9,0.3436262470214126,0.10484357199518897,0.4536886795631982,0.875,0.125,0.0758503556251526
TASK_FORCE_THRESHOLD,0,TEST_MIXED_CONTEXTS,116,68,48,0.5,0.47751961381500385,0.16132187139591564,0.9048544367878957,0.5,0.5,0.18799313594555028
TASK_FORCE_THRESHOLD,0,TEST_MIXED_CONTEXTS,116,68,48,0.9,0.47751961381500385,0.16132187139591564,0.9048544367878957,0.9791666666666666,0.020833333333333332,0.18799313594555028
TASK_FORCE_THRESHOLD,1,TEST_ALL_FORCES,192,144,48,0.5,0.42266165775250686,0.138209373069017,0.5999402171526309,0.5,0.5,0.03434327182670435
TASK_FORCE_THRESHOLD,1,TEST_ALL_FORCES,192,144,48,0.9,0.42266165775250686,0.138209373069017,0.5999402171526309,0.9791666666666666,0.020833333333333332,0.03434327182670435
TASK_FORCE_THRESHOLD,1,TEST_INTEGER_FORCES,132,92,40,0.5,0.4459922704435914,0.15047418921762218,0.6343737568727614,0.6,0.4,0.04902462029095852
TASK_FORCE_THRESHOLD,1,TEST_INTEGER_FORCES,132,92,40,0.9,0.4459922704435914,0.15047418921762218,0.6343737568727614,1.0,0.0,0.04902462029095852
TASK_FORCE_THRESHOLD,1,TEST_OFFGRID_FORCES,60,52,8,0.5,0.37133430983212107,0.11122677754208563,0.3901411472302189,0.0,1.0,0.09545116424560546
TASK_FORCE_THRESHOLD,1,TEST_OFFGRID_FORCES,60,52,8,0.9,0.37133430983212107,0.11122677754208563,0.3901411472302189,0.875,0.125,0.09545116424560546
TASK_FORCE_THRESHOLD,1,TEST_MIXED_CONTEXTS,116,68,48,0.5,0.4759194445244002,0.15901969740507949,0.8953736609061762,0.5,0.5,0.17344443756958539
TASK_FORCE_THRESHOLD,1,TEST_MIXED_CONTEXTS,116,68,48,0.9,0.4759194445244002,0.15901969740507949,0.8953736609061762,0.9791666666666666,0.020833333333333332,0.17344443756958539
TASK_FORCE_THRESHOLD,2,TEST_ALL_FORCES,192,144,48,0.5,0.4010585698716749,0.13384270119927563,0.6317930906822169,0.5,0.5,0.03121949732303617
TASK_FORCE_THRESHOLD,2,TEST_ALL_FORCES,192,144,48,0.9,0.4010585698716749,0.13384270119927563,0.6317930906822169,0.9791666666666666,0.020833333333333332,0.03121949732303617
TASK_FORCE_THRESHOLD,2,TEST_INTEGER_FORCES,132,92,40,0.5,0.4342882637856515,0.14829774423897757,0.6488968359082208,0.6,0.4,0.048372675072063095
TASK_FORCE_THRESHOLD,2,TEST_INTEGER_FORCES,132,92,40,0.9,0.4342882637856515,0.14829774423897757,0.6488968359082208,1.0,0.0,0.048372675072063095
TASK_FORCE_THRESHOLD,2,TEST_OFFGRID_FORCES,60,52,8,0.5,0.32795324326092623,0.10204160651193135,0.46878522427864533,0.0,1.0,0.06044753789901733
TASK_FORCE_THRESHOLD,2,TEST_OFFGRID_FORCES,60,52,8,0.9,0.32795324326092623,0.10204160651193135,0.46878522427864533,0.875,0.125,0.06044753789901733
TASK_FORCE_THRESHOLD,2,TEST_MIXED_CONTEXTS,116,68,48,0.5,0.45591251784926456,0.15403968530906234,0.9032420343564638,0.5,0.5,0.17434034265320875
TASK_FORCE_THRESHOLD,2,TEST_MIXED_CONTEXTS,116,68,48,0.9,0.45591251784926456,0.15403968530906234,0.9032420343564638,0.9791666666666666,0.020833333333333332,0.17434034265320875
TASK_FORCE_THRESHOLD,3,TEST_ALL_FORCES,192,144,48,0.5,0.40244461017945143,0.13414524169873213,0.6177445534981287,0.5,0.5,0.03053918667137621
TASK_FORCE_THRESHOLD,3,TEST_ALL_FORCES,192,144,48,0.9,0.40244461017945143,0.13414524169873213,0.6177445534981287,0.9791666666666666,0.020833333333333332,0.03053918667137621
TASK_FORCE_THRESHOLD,3,TEST_INTEGER_FORCES,132,92,40,0.5,0.43560988914293874,0.14866656444391343,0.6368229101466292,0.6,0.4,0.05040633136575875
TASK_FORCE_THRESHOLD,3,TEST_INTEGER_FORCES,132,92,40,0.9,0.43560988914293874,0.14866656444391343,0.6368229101466292,1.0,0.0,0.05040633136575875
TASK_FORCE_THRESHOLD,3,TEST_OFFGRID_FORCES,60,52,8,0.5,0.32948099645977963,0.10219833165933329,0.46878522427864533,0.0,1.0,0.06228934526443481
TASK_FORCE_THRESHOLD,3,TEST_OFFGRID_FORCES,60,52,8,0.9,0.32948099645977963,0.10219833165933329,0.46878522427864533,0.875,0.125,0.06228934526443481
TASK_FORCE_THRESHOLD,3,TEST_MIXED_CONTEXTS,116,68,48,0.5,0.4587833994845405,0.1548690038425584,0.8971732624542778,0.5,0.5,0.1747965463276567
TASK_FORCE_THRESHOLD,3,TEST_MIXED_CONTEXTS,116,68,48,0.9,0.4587833994845405,0.1548690038425584,0.8971732624542778,0.9791666666666666,0.020833333333333332,0.1747965463276567
TASK_FORCE_THRESHOLD,4,TEST_ALL_FORCES,192,144,48,0.5,0.40281877933003996,0.1343058339848988,0.6180218106617684,0.5,0.5,0.032190966109434754
TASK_FORCE_THRESHOLD,4,TEST_ALL_FORCES,192,144,48,0.9,0.40281877933003996,0.1343058339848988,0.6180218106617684,0.9791666666666666,0.020833333333333332,0.032190966109434754
TASK_FORCE_THRESHOLD,4,TEST_INTEGER_FORCES,132,92,40,0.5,0.43294664583475045,0.14781428068243851,0.6368229101466292,0.6,0.4,0.0462051566803094
TASK_FORCE_THRESHOLD,4,TEST_INTEGER_FORCES,132,92,40,0.9,0.43294664583475045,0.14781428068243851,0.6368229101466292,1.0,0.0,0.0462051566803094
TASK_FORCE_THRESHOLD,4,TEST_OFFGRID_FORCES,60,52,8,0.5,0.33653747301967674,0.10458725125031142,0.46878522427864533,0.0,1.0,0.07212104797363282
TASK_FORCE_THRESHOLD,4,TEST_OFFGRID_FORCES,60,52,8,0.9,0.33653747301967674,0.10458725125031142,0.46878522427864533,0.875,0.125,0.07212104797363282
TASK_FORCE_THRESHOLD,4,TEST_MIXED_CONTEXTS,116,68,48,0.5,0.4592916534482687,0.15438618038615465,0.8986049447820443,0.5,0.5,0.1735003631690453
TASK_FORCE_THRESHOLD,4,TEST_MIXED_CONTEXTS,116,68,48,0.9,0.4592916534482687,0.15438618038615465,0.8986049447820443,0.9791666666666666,0.020833333333333332,0.1735003631690453
