context_id,root_id,root_index,root_seed,friction_band,task,task_instruction,split,hidden_friction_analysis_only,seed,probe_implementation,probe_qualified,contact_retained,drop,disturbance,probe_completion,return_completed,informative,safe,probe_quality_derivation,stop_reason,actual_displacement_mm,post_probe_state_hash,post_probe_audit_hash,status,observable_root_state_parity,primary_ambiguity_force_N,planned_primary_branches,completed_primary_branches,probe_rerun_between_branches,probe_telemetry_path,strict_matched
p5s0c_train_t0_r00_s5100_low_mu0.293710,p5s0c_train_t0_root00_s5100,0,5100,LOW,0,pick up the alphabet soup and place it in the basket,TRAIN,0.2937102019159983,5100,P4-B common contact-frame shear,1,1,0,0,1,1,1,1,derived_from_existing_P4B_fields_without_changing_probe,max_displacement_cap,2.0,492f9aa206d5a47d948e75a789a4681ad804349cac3e2667e94b67f58ceeb7fb,9bfcd4069c2bbe752271c2a42f516c5ce0666c5242631c6227024ab68b37676a,CONTEXT_READY_FOR_BRANCHING,1,4.0,4,4,False,/home/exouser/Tabero/analysis/results/p5s0c_paired_boundary_probe_value_20260824_000542/P5S0C_PROBE_TELEMETRY/p5s0c_train_t0_r00_s5100_low_mu0.293710_probe_timesteps.csv,1
p5s0c_train_t0_r00_s5100_mid_mu0.450580,p5s0c_train_t0_root00_s5100,0,5100,MID,0,pick up the alphabet soup and place it in the basket,TRAIN,0.45058012388233365,5100,P4-B common contact-frame shear,1,1,0,0,1,1,1,1,derived_from_existing_P4B_fields_without_changing_probe,normalized_shear_impulse,2.0,002e3e6fcebf6f006dc790bfa6bec661960e2c03a1faf20eb9d7afc174117dd6,64d768cb8210be150def50514fb833ec2def1fabc1f029bf433908fb3928e4af,CONTEXT_READY_FOR_BRANCHING,1,4.0,4,4,False,/home/exouser/Tabero/analysis/results/p5s0c_paired_boundary_probe_value_20260824_000542/P5S0C_PROBE_TELEMETRY/p5s0c_train_t0_r00_s5100_mid_mu0.450580_probe_timesteps.csv,1
p5s0c_train_t0_r00_s5100_high_mu0.940189,p5s0c_train_t0_root00_s5100,0,5100,HIGH,0,pick up the alphabet soup and place it in the basket,TRAIN,0.9401893373882813,5100,P4-B common contact-frame shear,1,1,0,0,1,1,1,1,derived_from_existing_P4B_fields_without_changing_probe,normalized_shear_impulse,2.0,414335d9c43a4eed689c3fbcc67862e6e61e94beec431b189241271c164c6f41,51ae97ec953c1e2ecdd227867975c270339c3f6f5251080ff9cf5ee13e9d6433,CONTEXT_READY_FOR_BRANCHING,1,4.0,4,4,False,/home/exouser/Tabero/analysis/results/p5s0c_paired_boundary_probe_value_20260824_000542/P5S0C_PROBE_TELEMETRY/p5s0c_train_t0_r00_s5100_high_mu0.940189_probe_timesteps.csv,1
p5s0c_train_t0_r01_s5101_low_mu0.255969,p5s0c_train_t0_root01_s5101,1,5101,LOW,0,pick up the alphabet soup and place it in the basket,TRAIN,0.25596920461819556,5101,P4-B common contact-frame shear,1,1,0,0,1,1,1,1,derived_from_existing_P4B_fields_without_changing_probe,max_displacement_cap,2.0,d45587b506a777dca4c112437d291aba975a9c90f72e6d5d882318d0d43e5e79,c980b0c2a229c2ccd560e3bb3d575797a169cc99f0fc988e22aea135e013e4f0,CONTEXT_READY_FOR_BRANCHING,1,4.0,4,4,False,/home/exouser/Tabero/analysis/results/p5s0c_paired_boundary_probe_value_20260824_000542/P5S0C_PROBE_TELEMETRY/p5s0c_train_t0_r01_s5101_low_mu0.255969_probe_timesteps.csv,1
p5s0c_train_t0_r01_s5101_mid_mu0.592177,p5s0c_train_t0_root01_s5101,1,5101,MID,0,pick up the alphabet soup and place it in the basket,TRAIN,0.5921771020907431,5101,P4-B common contact-frame shear,1,1,0,0,1,1,1,1,derived_from_existing_P4B_fields_without_changing_probe,normalized_shear_impulse,2.0,56de5477f01b904fbe69b3068e68639df52380f7e8bea72f19ba85b7ea6938a3,fbc7c7bab7cb026181996a8be5472303cd5f1dfce03d4d372128d32968b0a828,CONTEXT_READY_FOR_BRANCHING,1,4.0,4,4,False,/home/exouser/Tabero/analysis/results/p5s0c_paired_boundary_probe_value_20260824_000542/P5S0C_PROBE_TELEMETRY/p5s0c_train_t0_r01_s5101_mid_mu0.592177_probe_timesteps.csv,1
p5s0c_train_t0_r01_s5101_high_mu0.988466,p5s0c_train_t0_root01_s5101,1,5101,HIGH,0,pick up the alphabet soup and place it in the basket,TRAIN,0.9884659937733329,5101,P4-B common contact-frame shear,1,1,0,0,1,1,1,1,derived_from_existing_P4B_fields_without_changing_probe,normalized_shear_impulse,2.0,a0ed6c741a2d7374d11159b0191fbb8ca601168a251e853c0cc54218d3a13d9c,df7f7b500e29b712e35945b8c04c03a6c9bdf1e0ea300bff575ff2673bda31d9,CONTEXT_READY_FOR_BRANCHING,1,4.0,4,4,False,/home/exouser/Tabero/analysis/results/p5s0c_paired_boundary_probe_value_20260824_000542/P5S0C_PROBE_TELEMETRY/p5s0c_train_t0_r01_s5101_high_mu0.988466_probe_timesteps.csv,1
p5s0c_train_t0_r02_s5102_low_mu0.285139,p5s0c_train_t0_root02_s5102,2,5102,LOW,0,pick up the alphabet soup and place it in the basket,TRAIN,0.2851387636485543,5102,P4-B common contact-frame shear,1,1,0,0,1,1,1,1,derived_from_existing_P4B_fields_without_changing_probe,max_displacement_cap,2.0,b4fe7391396a3aa432b3e745b4968032d00e8ad12ac165da609d379b28a6d78b,fc844976bb429f09351f4a995f410be4317fbbf6d504abc48b80fd91b690f582,CONTEXT_READY_FOR_BRANCHING,1,4.0,4,4,False,/home/exouser/Tabero/analysis/results/p5s0c_paired_boundary_probe_value_20260824_000542/P5S0C_PROBE_TELEMETRY/p5s0c_train_t0_r02_s5102_low_mu0.285139_probe_timesteps.csv,1
p5s0c_train_t0_r02_s5102_mid_mu0.571550,p5s0c_train_t0_root02_s5102,2,5102,MID,0,pick up the alphabet soup and place it in the basket,TRAIN,0.5715496239149224,5102,P4-B common contact-frame shear,1,1,0,0,1,1,1,1,derived_from_existing_P4B_fields_without_changing_probe,normalized_shear_impulse,2.0,73fe757e100eb7c8777e63b6eaf07a157b8fbbe4d97f677e4d0bd44b81307e0c,e4a9085fc2fd1338b577766c3680803cefff3b01c2f540b2810d09f002a9b93f,CONTEXT_READY_FOR_BRANCHING,1,4.0,4,4,False,/home/exouser/Tabero/analysis/results/p5s0c_paired_boundary_probe_value_20260824_000542/P5S0C_PROBE_TELEMETRY/p5s0c_train_t0_r02_s5102_mid_mu0.571550_probe_timesteps.csv,1
p5s0c_train_t0_r02_s5102_high_mu0.974655,p5s0c_train_t0_root02_s5102,2,5102,HIGH,0,pick up the alphabet soup and place it in the basket,TRAIN,0.9746549647633304,5102,P4-B common contact-frame shear,1,1,0,0,1,1,1,1,derived_from_existing_P4B_fields_without_changing_probe,normalized_shear_impulse,2.0,36e7d032fdc10874da112869b07f17d493e27f600713bfb2bbd5cfbdb32a3828,3be78ba57b5c9123bf32ab865af7ccb53d964ac688aff470e0fd838b3350273d,CONTEXT_READY_FOR_BRANCHING,1,4.0,4,4,False,/home/exouser/Tabero/analysis/results/p5s0c_paired_boundary_probe_value_20260824_000542/P5S0C_PROBE_TELEMETRY/p5s0c_train_t0_r02_s5102_high_mu0.974655_probe_timesteps.csv,1
p5s0c_train_t0_r03_s5103_low_mu0.233498,p5s0c_train_t0_root03_s5103,3,5103,LOW,0,pick up the alphabet soup and place it in the basket,TRAIN,0.23349769395754352,5103,P4-B common contact-frame shear,1,1,0,0,1,1,1,1,derived_from_existing_P4B_fields_without_changing_probe,max_displacement_cap,2.0,fc0df65b344379afa73a5466b269c1a426166661c8d8b5286339f70533ee19a1,d3b5fbc6264b8e9d48fa5432860802e48b21fb0cc0c55946e6c17c493ce3dead,CONTEXT_READY_FOR_BRANCHING,1,4.0,4,4,False,/home/exouser/Tabero/analysis/results/p5s0c_paired_boundary_probe_value_20260824_000542/P5S0C_PROBE_TELEMETRY/p5s0c_train_t0_r03_s5103_low_mu0.233498_probe_timesteps.csv,1
p5s0c_train_t0_r03_s5103_mid_mu0.554454,p5s0c_train_t0_root03_s5103,3,5103,MID,0,pick up the alphabet soup and place it in the basket,TRAIN,0.5544542093115656,5103,P4-B common contact-frame shear,1,1,0,0,1,1,1,1,derived_from_existing_P4B_fields_without_changing_probe,normalized_shear_impulse,2.0,5860bd68be91827f3138a92792fc02b4590ae7091ff644a364adb63226ec3a8d,f957345f8c78b96b57e566d2f6dd4e3b3836ca4de8b1f29fa2cc55036dacbe2c,CONTEXT_READY_FOR_BRANCHING,1,4.0,4,4,False,/home/exouser/Tabero/analysis/results/p5s0c_paired_boundary_probe_value_20260824_000542/P5S0C_PROBE_TELEMETRY/p5s0c_train_t0_r03_s5103_mid_mu0.554454_probe_timesteps.csv,1
p5s0c_train_t0_r03_s5103_high_mu0.970453,p5s0c_train_t0_root03_s5103,3,5103,HIGH,0,pick up the alphabet soup and place it in the basket,TRAIN,0.9704531443351275,5103,P4-B common contact-frame shear,1,1,0,0,1,1,1,1,derived_from_existing_P4B_fields_without_changing_probe,normalized_shear_impulse,2.0,ad6fbecad0d1e67bc324276ef18d9737abb4acb050c53f02b836d46314d27432,6231a182e41d9d89f9ea950cc88497ca6250025fcf7e6a0dd97d391612c1a59c,CONTEXT_READY_FOR_BRANCHING,1,4.0,4,4,False,/home/exouser/Tabero/analysis/results/p5s0c_paired_boundary_probe_value_20260824_000542/P5S0C_PROBE_TELEMETRY/p5s0c_train_t0_r03_s5103_high_mu0.970453_probe_timesteps.csv,1
p5s0c_train_t0_r04_s5104_low_mu0.298968,p5s0c_train_t0_root04_s5104,4,5104,LOW,0,pick up the alphabet soup and place it in the basket,TRAIN,0.2989681415686305,5104,P4-B common contact-frame shear,1,1,0,0,1,1,1,1,derived_from_existing_P4B_fields_without_changing_probe,max_displacement_cap,2.0,26f43e9950bedfd9a8dbcb7042d8dee247c8edb7500f3be0a6f3a8e9c293ee91,94311c51ebb8dbd6b86aa659c524b7acb371f8d5b8ee65ba8b2892ec512623e6,CONTEXT_READY_FOR_BRANCHING,1,4.0,4,4,False,/home/exouser/Tabero/analysis/results/p5s0c_paired_boundary_probe_value_20260824_000542/P5S0C_PROBE_TELEMETRY/p5s0c_train_t0_r04_s5104_low_mu0.298968_probe_timesteps.csv,1
p5s0c_train_t0_r04_s5104_mid_mu0.572072,p5s0c_train_t0_root04_s5104,4,5104,MID,0,pick up the alphabet soup and place it in the basket,TRAIN,0.5720723245328282,5104,P4-B common contact-frame shear,1,1,0,0,1,1,1,1,derived_from_existing_P4B_fields_without_changing_probe,normalized_shear_impulse,2.0,2d981b2bf6161a73a0d695510f7e0ba56dcc2f118272b5904d9b5ac6771cbedf,fac3eba8186f235cecad659a7aef3cb6023e58ce944dad59d03dc00fef8ebb6b,CONTEXT_READY_FOR_BRANCHING,1,4.0,4,4,False,/home/exouser/Tabero/analysis/results/p5s0c_paired_boundary_probe_value_20260824_000542/P5S0C_PROBE_TELEMETRY/p5s0c_train_t0_r04_s5104_mid_mu0.572072_probe_timesteps.csv,1
p5s0c_train_t0_r04_s5104_high_mu0.905657,p5s0c_train_t0_root04_s5104,4,5104,HIGH,0,pick up the alphabet soup and place it in the basket,TRAIN,0.9056570160733267,5104,P4-B common contact-frame shear,1,1,0,0,1,1,1,1,derived_from_existing_P4B_fields_without_changing_probe,normalized_shear_impulse,2.0,d573f3069c0d1dc4a977ef9bfe298fb6d450eed8cdac5fe677635a6a30016a3f,c85b3a6588122cdd1720c9df45008a7404923ac7922d0f9acc4cccd30f8f212c,CONTEXT_READY_FOR_BRANCHING,1,4.0,4,4,False,/home/exouser/Tabero/analysis/results/p5s0c_paired_boundary_probe_value_20260824_000542/P5S0C_PROBE_TELEMETRY/p5s0c_train_t0_r04_s5104_high_mu0.905657_probe_timesteps.csv,1
p5s0c_train_t0_r05_s5105_low_mu0.252358,p5s0c_train_t0_root05_s5105,5,5105,LOW,0,pick up the alphabet soup and place it in the basket,TRAIN,0.2523584006618226,5105,P4-B common contact-frame shear,1,1,0,0,1,1,1,1,derived_from_existing_P4B_fields_without_changing_probe,max_displacement_cap,2.0,ba2c2197aaa15cdbfef96cadb2994334fed88496893f9f4a90bd6bb3a690ea5d,1804c9c3a713362f25054478fb025167ac14ca883bc59138eb28f4024ec9479a,CONTEXT_READY_FOR_BRANCHING,1,4.0,4,4,False,/home/exouser/Tabero/analysis/results/p5s0c_paired_boundary_probe_value_20260824_000542/P5S0C_PROBE_TELEMETRY/p5s0c_train_t0_r05_s5105_low_mu0.252358_probe_timesteps.csv,1
p5s0c_train_t0_r05_s5105_mid_mu0.529333,p5s0c_train_t0_root05_s5105,5,5105,MID,0,pick up the alphabet soup and place it in the basket,TRAIN,0.5293331885497402,5105,P4-B common contact-frame shear,1,1,0,0,1,1,1,1,derived_from_existing_P4B_fields_without_changing_probe,normalized_shear_impulse,2.0,f5d10184e3e0ef4d0344ebf835b9369812ce11352dd87129cd6117cd430eb613,31b42540daf5e8d77837798d52f2ef04a0775bb392a8a6bb59065b06a4e0d8c8,CONTEXT_READY_FOR_BRANCHING,1,4.0,4,4,False,/home/exouser/Tabero/analysis/results/p5s0c_paired_boundary_probe_value_20260824_000542/P5S0C_PROBE_TELEMETRY/p5s0c_train_t0_r05_s5105_mid_mu0.529333_probe_timesteps.csv,1
p5s0c_train_t0_r05_s5105_high_mu0.913775,p5s0c_train_t0_root05_s5105,5,5105,HIGH,0,pick up the alphabet soup and place it in the basket,TRAIN,0.913775019025229,5105,P4-B common contact-frame shear,1,1,0,0,1,1,1,1,derived_from_existing_P4B_fields_without_changing_probe,normalized_shear_impulse,2.0,75e3b9ecf667f90727594d91fef48b8c61a82820d0569197a3265323bcb4f5b1,a34de82277a71b4d4089c4aaf122c73ed4fbd0259a1413cd668bfcb7da46de21,CONTEXT_READY_FOR_BRANCHING,1,4.0,4,4,False,/home/exouser/Tabero/analysis/results/p5s0c_paired_boundary_probe_value_20260824_000542/P5S0C_PROBE_TELEMETRY/p5s0c_train_t0_r05_s5105_high_mu0.913775_probe_timesteps.csv,1
p5s0c_dev_t0_r06_s5106_low_mu0.288234,p5s0c_dev_t0_root06_s5106,6,5106,LOW,0,pick up the alphabet soup and place it in the basket,DEV,0.2882343327859944,5106,P4-B common contact-frame shear,1,1,0,0,1,1,1,1,derived_from_existing_P4B_fields_without_changing_probe,max_displacement_cap,2.0,99477295dbcf1bd38dc778bccbce484b4de1f66e68d64f05089ecd4814c98a5d,ca597146fc3dd52cd8a96ee0dd0ce28be946b8386ba706860e2b789f99b43838,CONTEXT_READY_FOR_BRANCHING,1,4.0,4,4,False,/home/exouser/Tabero/analysis/results/p5s0c_paired_boundary_probe_value_20260824_000542/P5S0C_PROBE_TELEMETRY/p5s0c_dev_t0_r06_s5106_low_mu0.288234_probe_timesteps.csv,1
p5s0c_dev_t0_r06_s5106_mid_mu0.504922,p5s0c_dev_t0_root06_s5106,6,5106,MID,0,pick up the alphabet soup and place it in the basket,DEV,0.5049219883120787,5106,P4-B common contact-frame shear,1,1,0,0,1,1,1,1,derived_from_existing_P4B_fields_without_changing_probe,normalized_shear_impulse,2.0,7a67eb55e03b2e731a715ac328cb6fdac80204c0f6ef2f0af522ab4d59c7abab,2ca93b434ede12d623cf3eb4783250314bae40720e8860417b668e18de85580e,CONTEXT_READY_FOR_BRANCHING,1,4.0,4,4,False,/home/exouser/Tabero/analysis/results/p5s0c_paired_boundary_probe_value_20260824_000542/P5S0C_PROBE_TELEMETRY/p5s0c_dev_t0_r06_s5106_mid_mu0.504922_probe_timesteps.csv,1
p5s0c_dev_t0_r06_s5106_high_mu0.901218,p5s0c_dev_t0_root06_s5106,6,5106,HIGH,0,pick up the alphabet soup and place it in the basket,DEV,0.9012180083570991,5106,P4-B common contact-frame shear,1,1,0,0,1,1,1,1,derived_from_existing_P4B_fields_without_changing_probe,normalized_shear_impulse,2.0,33b3ec2d68fbf13c69f98a4357deb5c3c9300a1860287168752af99735f21d6e,2bc55484264be1640d8dd386d3503809cba08d96df61df7a6c426e4fb525fae4,CONTEXT_READY_FOR_BRANCHING,1,4.0,4,4,False,/home/exouser/Tabero/analysis/results/p5s0c_paired_boundary_probe_value_20260824_000542/P5S0C_PROBE_TELEMETRY/p5s0c_dev_t0_r06_s5106_high_mu0.901218_probe_timesteps.csv,1
p5s0c_dev_t0_r07_s5107_low_mu0.294781,p5s0c_dev_t0_root07_s5107,7,5107,LOW,0,pick up the alphabet soup and place it in the basket,DEV,0.29478134607864537,5107,P4-B common contact-frame shear,1,1,0,0,1,1,1,1,derived_from_existing_P4B_fields_without_changing_probe,max_displacement_cap,2.0,45df550ccf46ae63260987adbd1e677b3b8902bc8f87e81ba42becfe7aa04598,9f254a0b41191c6f6391995714441ab979f487c4febf6a1d01cb2435aed28614,CONTEXT_READY_FOR_BRANCHING,1,4.0,4,4,False,/home/exouser/Tabero/analysis/results/p5s0c_paired_boundary_probe_value_20260824_000542/P5S0C_PROBE_TELEMETRY/p5s0c_dev_t0_r07_s5107_low_mu0.294781_probe_timesteps.csv,1
p5s0c_dev_t0_r07_s5107_mid_mu0.500365,p5s0c_dev_t0_root07_s5107,7,5107,MID,0,pick up the alphabet soup and place it in the basket,DEV,0.5003653963090192,5107,P4-B common contact-frame shear,1,1,0,0,1,1,1,1,derived_from_existing_P4B_fields_without_changing_probe,normalized_shear_impulse,2.0,1697c9fc7ff74a35383679e1e345b1313c7765d3b9f4e00a26db1c16f7a12ea3,dd744799de53242949b9aadfdb94c1949f65e9ed8c96f2775f7e495db650ab9b,CONTEXT_READY_FOR_BRANCHING,1,4.0,4,4,False,/home/exouser/Tabero/analysis/results/p5s0c_paired_boundary_probe_value_20260824_000542/P5S0C_PROBE_TELEMETRY/p5s0c_dev_t0_r07_s5107_mid_mu0.500365_probe_timesteps.csv,1
p5s0c_dev_t0_r07_s5107_high_mu0.932791,p5s0c_dev_t0_root07_s5107,7,5107,HIGH,0,pick up the alphabet soup and place it in the basket,DEV,0.9327914080609747,5107,P4-B common contact-frame shear,1,1,0,0,1,1,1,1,derived_from_existing_P4B_fields_without_changing_probe,normalized_shear_impulse,2.0,5470dbaf65a41ef7bcb26bd3e069cd2209d9cc3eeac87b1e5e6563078062747a,bbb6e19d4edd81a55296e7f244d5c99da8bf0ae13b7a0ac2c27a8f40eeb0008a,CONTEXT_READY_FOR_BRANCHING,1,4.0,4,4,False,/home/exouser/Tabero/analysis/results/p5s0c_paired_boundary_probe_value_20260824_000542/P5S0C_PROBE_TELEMETRY/p5s0c_dev_t0_r07_s5107_high_mu0.932791_probe_timesteps.csv,1
p5s0c_test_t0_r08_s5108_low_mu0.267482,p5s0c_test_t0_root08_s5108,8,5108,LOW,0,pick up the alphabet soup and place it in the basket,TEST,0.2674822115103529,5108,P4-B common contact-frame shear,1,1,0,0,1,1,1,1,derived_from_existing_P4B_fields_without_changing_probe,max_displacement_cap,2.0,bdd4b3066c09d81cb19fb06bec9aa2b8a4d534a8bcf7cc08f9e547d668b6b4b9,d2f1c358dd3d63935545ed5136f080dd56639626da70336cf870079a805a3fcb,CONTEXT_READY_FOR_BRANCHING,1,4.0,4,4,False,/home/exouser/Tabero/analysis/results/p5s0c_paired_boundary_probe_value_20260824_000542/P5S0C_PROBE_TELEMETRY/p5s0c_test_t0_r08_s5108_low_mu0.267482_probe_timesteps.csv,1
p5s0c_test_t0_r08_s5108_mid_mu0.499104,p5s0c_test_t0_root08_s5108,8,5108,MID,0,pick up the alphabet soup and place it in the basket,TEST,0.49910421208861483,5108,P4-B common contact-frame shear,1,1,0,0,1,1,1,1,derived_from_existing_P4B_fields_without_changing_probe,normalized_shear_impulse,2.0,30f2c9cb9431d5ab17471e498bf96708be6f168a8b159cd7faeecb5598c1f162,280db1ad7494baedb84441a8929f1bfcc72ede6e22b43c2f2ce283bbb1f78373,CONTEXT_READY_FOR_BRANCHING,1,4.0,4,4,False,/home/exouser/Tabero/analysis/results/p5s0c_paired_boundary_probe_value_20260824_000542/P5S0C_PROBE_TELEMETRY/p5s0c_test_t0_r08_s5108_mid_mu0.499104_probe_timesteps.csv,1
p5s0c_test_t0_r08_s5108_high_mu0.933258,p5s0c_test_t0_root08_s5108,8,5108,HIGH,0,pick up the alphabet soup and place it in the basket,TEST,0.9332580059786012,5108,P4-B common contact-frame shear,1,1,0,0,1,1,1,1,derived_from_existing_P4B_fields_without_changing_probe,normalized_shear_impulse,2.0,dcd55a4d0019f8520d1f3aff8a0c08429097a619a725b51d20f0fdb1b29f30ad,e88891be4d1117c3e94dd73211e1759a07d04e2f1ee69decb7b4db2e87ac173a,CONTEXT_READY_FOR_BRANCHING,1,4.0,4,4,False,/home/exouser/Tabero/analysis/results/p5s0c_paired_boundary_probe_value_20260824_000542/P5S0C_PROBE_TELEMETRY/p5s0c_test_t0_r08_s5108_high_mu0.933258_probe_timesteps.csv,1
p5s0c_test_t0_r09_s5109_low_mu0.256125,p5s0c_test_t0_root09_s5109,9,5109,LOW,0,pick up the alphabet soup and place it in the basket,TEST,0.25612496932381895,5109,P4-B common contact-frame shear,1,1,0,0,1,1,1,1,derived_from_existing_P4B_fields_without_changing_probe,max_displacement_cap,2.0,539ba72221ce75850a9014ec40559e96709eb05fe0dfb84f6d741457a675a4ea,f2eab08200bf18d6b7183782c9c06fa3cdcf4bf7e238d71782a024d2eb912bfb,CONTEXT_READY_FOR_BRANCHING,1,4.0,4,4,False,/home/exouser/Tabero/analysis/results/p5s0c_paired_boundary_probe_value_20260824_000542/P5S0C_PROBE_TELEMETRY/p5s0c_test_t0_r09_s5109_low_mu0.256125_probe_timesteps.csv,1
p5s0c_test_t0_r09_s5109_mid_mu0.483186,p5s0c_test_t0_root09_s5109,9,5109,MID,0,pick up the alphabet soup and place it in the basket,TEST,0.4831864837456221,5109,P4-B common contact-frame shear,1,1,0,0,1,1,1,1,derived_from_existing_P4B_fields_without_changing_probe,max_displacement_cap,2.0,b1f1dc973f7b06869295cfa1f8e8ebea49643e199accedae149332121c573d02,fdaf0cbf0be1583db14f163ed3f191d86a76df911efe229aeae6e37de5f8a111,CONTEXT_READY_FOR_BRANCHING,1,4.0,4,4,False,/home/exouser/Tabero/analysis/results/p5s0c_paired_boundary_probe_value_20260824_000542/P5S0C_PROBE_TELEMETRY/p5s0c_test_t0_r09_s5109_mid_mu0.483186_probe_timesteps.csv,1
p5s0c_test_t0_r09_s5109_high_mu0.928450,p5s0c_test_t0_root09_s5109,9,5109,HIGH,0,pick up the alphabet soup and place it in the basket,TEST,0.9284498333172938,5109,P4-B common contact-frame shear,1,1,0,0,1,1,1,1,derived_from_existing_P4B_fields_without_changing_probe,normalized_shear_impulse,2.0,66c28432c53dd2286c3ebbcb9da91ccc2fa8554a391ab7592196a61c949558f9,e0a89499197a687e89f0897bbcfb3ad1ea2fb37e63c3377bf6869b84e0e94ff9,CONTEXT_READY_FOR_BRANCHING,1,4.0,4,4,False,/home/exouser/Tabero/analysis/results/p5s0c_paired_boundary_probe_value_20260824_000542/P5S0C_PROBE_TELEMETRY/p5s0c_test_t0_r09_s5109_high_mu0.928450_probe_timesteps.csv,1
p5s0c_test_t0_r10_s5110_low_mu0.246922,p5s0c_test_t0_root10_s5110,10,5110,LOW,0,pick up the alphabet soup and place it in the basket,TEST,0.24692162541596924,5110,P4-B common contact-frame shear,1,1,0,0,1,1,1,1,derived_from_existing_P4B_fields_without_changing_probe,max_displacement_cap,2.0,6ccd24c623917e4775cf5f412490af67d5a138fa6ee0419119e518280ace480e,b840dd952c0708441eb0325e0f013ce94b9ff04ea4777db39c68b1c560edeb3d,CONTEXT_READY_FOR_BRANCHING,1,4.0,4,4,False,/home/exouser/Tabero/analysis/results/p5s0c_paired_boundary_probe_value_20260824_000542/P5S0C_PROBE_TELEMETRY/p5s0c_test_t0_r10_s5110_low_mu0.246922_probe_timesteps.csv,1
p5s0c_test_t0_r10_s5110_mid_mu0.459307,p5s0c_test_t0_root10_s5110,10,5110,MID,0,pick up the alphabet soup and place it in the basket,TEST,0.45930745116203764,5110,P4-B common contact-frame shear,1,1,0,0,1,1,1,1,derived_from_existing_P4B_fields_without_changing_probe,normalized_shear_impulse,2.0,a359d83e3b27ed57ea9c3f336119868e56c61b325cc7336fd433ca7e56e9af21,77f8033a794d08a02a124c897f85e373ee602af91b1c99949be0c2561fc58834,CONTEXT_READY_FOR_BRANCHING,1,4.0,4,4,False,/home/exouser/Tabero/analysis/results/p5s0c_paired_boundary_probe_value_20260824_000542/P5S0C_PROBE_TELEMETRY/p5s0c_test_t0_r10_s5110_mid_mu0.459307_probe_timesteps.csv,1
p5s0c_test_t0_r10_s5110_high_mu0.965854,p5s0c_test_t0_root10_s5110,10,5110,HIGH,0,pick up the alphabet soup and place it in the basket,TEST,0.9658543928045289,5110,P4-B common contact-frame shear,1,1,0,0,1,1,1,1,derived_from_existing_P4B_fields_without_changing_probe,normalized_shear_impulse,2.0,1e81b00f73d37d785c58472f83b7787db5075131a329bb8386374ec58a81c015,a1317d2b49825a0bb5240216c10665dd6016c2b6f08ec02e1b3c88d080e8e1d5,CONTEXT_READY_FOR_BRANCHING,1,4.0,4,4,False,/home/exouser/Tabero/analysis/results/p5s0c_paired_boundary_probe_value_20260824_000542/P5S0C_PROBE_TELEMETRY/p5s0c_test_t0_r10_s5110_high_mu0.965854_probe_timesteps.csv,1
p5s0c_test_t0_r11_s5111_low_mu0.296027,p5s0c_test_t0_root11_s5111,11,5111,LOW,0,pick up the alphabet soup and place it in the basket,TEST,0.2960273891943319,5111,P4-B common contact-frame shear,1,1,0,0,1,1,1,1,derived_from_existing_P4B_fields_without_changing_probe,max_displacement_cap,2.0,cfcda654de2f49b79b6ae6b148d292fe769ce6bbdfa6d75510a042baaf9a0d7d,62b805e0c93de7a386afe9a0f4b6bd24f1997dc06c722db4e5a5fb37f58eb405,CONTEXT_READY_FOR_BRANCHING,1,4.0,4,4,False,/home/exouser/Tabero/analysis/results/p5s0c_paired_boundary_probe_value_20260824_000542/P5S0C_PROBE_TELEMETRY/p5s0c_test_t0_r11_s5111_low_mu0.296027_probe_timesteps.csv,1
p5s0c_test_t0_r11_s5111_mid_mu0.511841,p5s0c_test_t0_root11_s5111,11,5111,MID,0,pick up the alphabet soup and place it in the basket,TEST,0.5118406297435366,5111,P4-B common contact-frame shear,1,1,0,0,1,1,1,1,derived_from_existing_P4B_fields_without_changing_probe,normalized_shear_impulse,2.0,b9a4863f281daa7e68e3d5e213a049ffc2e1d4b8c64310bbfa521ea345517cca,5025d6756e100fdefaffc31f2436b7e3a836f3d6bbcc0e788ee941c02d53b25c,CONTEXT_READY_FOR_BRANCHING,1,4.0,4,4,False,/home/exouser/Tabero/analysis/results/p5s0c_paired_boundary_probe_value_20260824_000542/P5S0C_PROBE_TELEMETRY/p5s0c_test_t0_r11_s5111_mid_mu0.511841_probe_timesteps.csv,1
p5s0c_test_t0_r11_s5111_high_mu0.947534,p5s0c_test_t0_root11_s5111,11,5111,HIGH,0,pick up the alphabet soup and place it in the basket,TEST,0.9475340431282177,5111,P4-B common contact-frame shear,1,1,0,0,1,1,1,1,derived_from_existing_P4B_fields_without_changing_probe,normalized_shear_impulse,2.0,f0a1fb59fb8fe5f2abdeedcf0ab7bba39735231d283971eddb053b8b29a3a880,3918656934fb69a05708c27242de17dedf3852b8c2e53ed6fcf02c8cf0a4cdcd,CONTEXT_READY_FOR_BRANCHING,1,4.0,4,4,False,/home/exouser/Tabero/analysis/results/p5s0c_paired_boundary_probe_value_20260824_000542/P5S0C_PROBE_TELEMETRY/p5s0c_test_t0_r11_s5111_high_mu0.947534_probe_timesteps.csv,1
p5s0c_train_t1_r00_s5100_low_mu0.240019,p5s0c_train_t1_root00_s5100,0,5100,LOW,1,pick up the cream cheese and place it in the basket,TRAIN,0.24001855706823938,5100,P4-B common contact-frame shear,1,1,0,0,1,1,1,1,derived_from_existing_P4B_fields_without_changing_probe,max_displacement_cap,2.0,09a0fda75e0a615eaf6e47498c709f9c639633c9ee57c4e6c260772f8e29d4f2,9b2529af8d684ddbdb48e27498d2026758b2ef3107c30fad334568be756caff4,CONTEXT_READY_FOR_BRANCHING,1,5.0,5,5,False,/home/exouser/Tabero/analysis/results/p5s0c_paired_boundary_probe_value_20260824_000542/P5S0C_PROBE_TELEMETRY/p5s0c_train_t1_r00_s5100_low_mu0.240019_probe_timesteps.csv,1
p5s0c_train_t1_r00_s5100_mid_mu0.467048,p5s0c_train_t1_root00_s5100,0,5100,MID,1,pick up the cream cheese and place it in the basket,TRAIN,0.4670478243968788,5100,P4-B common contact-frame shear,1,1,0,0,1,1,1,1,derived_from_existing_P4B_fields_without_changing_probe,max_displacement_cap,2.0,4ee1b818766fe71fa41c4a2c4ba630c0a53f7f0317ab3598ded037a01cf235dc,94847813ae016c4cb3a568c0e7efbfd7d4fc49ed679372e46f1c436afeb017a4,CONTEXT_READY_FOR_BRANCHING,1,5.0,5,5,False,/home/exouser/Tabero/analysis/results/p5s0c_paired_boundary_probe_value_20260824_000542/P5S0C_PROBE_TELEMETRY/p5s0c_train_t1_r00_s5100_mid_mu0.467048_probe_timesteps.csv,1
p5s0c_train_t1_r00_s5100_high_mu0.921500,p5s0c_train_t1_root00_s5100,0,5100,HIGH,1,pick up the cream cheese and place it in the basket,TRAIN,0.9215002256494116,5100,P4-B common contact-frame shear,1,1,0,0,1,1,1,1,derived_from_existing_P4B_fields_without_changing_probe,max_displacement_cap,2.0,747e4c4709b11980bcde08e2a295875c26f85e73cb1bb647ff699385dcf5ba34,3c4879fe236915f58a191cb8b3d1bdd1350a1f0d0271d18bf04eb96953a90bc6,CONTEXT_READY_FOR_BRANCHING,1,5.0,5,5,False,/home/exouser/Tabero/analysis/results/p5s0c_paired_boundary_probe_value_20260824_000542/P5S0C_PROBE_TELEMETRY/p5s0c_train_t1_r00_s5100_high_mu0.921500_probe_timesteps.csv,1
p5s0c_train_t1_r01_s5101_low_mu0.271996,p5s0c_train_t1_root01_s5101,1,5101,LOW,1,pick up the cream cheese and place it in the basket,TRAIN,0.27199617452698444,5101,P4-B common contact-frame shear,1,1,0,0,1,1,1,1,derived_from_existing_P4B_fields_without_changing_probe,max_displacement_cap,2.0,8ac7b6ff8674315317deacd87406d74a94c2fdb76dffcd8aed5625b0d070d05b,78506f444031abd8d1d81738e88e1112d034a2abb95a4a25ec8a2825eacba9d4,CONTEXT_READY_FOR_BRANCHING,1,5.0,5,5,False,/home/exouser/Tabero/analysis/results/p5s0c_paired_boundary_probe_value_20260824_000542/P5S0C_PROBE_TELEMETRY/p5s0c_train_t1_r01_s5101_low_mu0.271996_probe_timesteps.csv,1
p5s0c_train_t1_r01_s5101_mid_mu0.506177,p5s0c_train_t1_root01_s5101,1,5101,MID,1,pick up the cream cheese and place it in the basket,TRAIN,0.5061774499381578,5101,P4-B common contact-frame shear,1,1,0,0,1,1,1,1,derived_from_existing_P4B_fields_without_changing_probe,max_displacement_cap,2.0,3c6b0ee9c9bc92386ccbe60323d84d7e76a98fdce1bb4ec1b0f78dfd06066181,370c217eb74ae2d63a3fcef17793fa72ee7b3e51862aa64b57f716579cdc1334,CONTEXT_READY_FOR_BRANCHING,1,5.0,5,5,False,/home/exouser/Tabero/analysis/results/p5s0c_paired_boundary_probe_value_20260824_000542/P5S0C_PROBE_TELEMETRY/p5s0c_train_t1_r01_s5101_mid_mu0.506177_probe_timesteps.csv,1
p5s0c_train_t1_r01_s5101_high_mu0.920754,p5s0c_train_t1_root01_s5101,1,5101,HIGH,1,pick up the cream cheese and place it in the basket,TRAIN,0.9207541147845438,5101,P4-B common contact-frame shear,1,1,0,0,1,1,1,1,derived_from_existing_P4B_fields_without_changing_probe,max_displacement_cap,2.0,ab133c0186237e7a8fae535c9f21dfc84aaedc47eba97fcedb11efb571a6cb44,fbd00341a21e0c9efb6d201c6458c283485867f85a88142d930df1053d5e916a,CONTEXT_READY_FOR_BRANCHING,1,5.0,5,5,False,/home/exouser/Tabero/analysis/results/p5s0c_paired_boundary_probe_value_20260824_000542/P5S0C_PROBE_TELEMETRY/p5s0c_train_t1_r01_s5101_high_mu0.920754_probe_timesteps.csv,1
p5s0c_train_t1_r02_s5102_low_mu0.211510,p5s0c_train_t1_root02_s5102,2,5102,LOW,1,pick up the cream cheese and place it in the basket,TRAIN,0.21150975088555124,5102,P4-B common contact-frame shear,1,1,0,0,1,1,1,1,derived_from_existing_P4B_fields_without_changing_probe,max_displacement_cap,2.0,a83df6d44e35bf6b5dbaa567b52a1fa8a85cf741ba44446fa1dba6357596b5b5,64f998e5e3f510acdf5a96728d0fc6c144caa5af47c42fe1cc18dca190fc4f79,CONTEXT_READY_FOR_BRANCHING,1,5.0,5,5,False,/home/exouser/Tabero/analysis/results/p5s0c_paired_boundary_probe_value_20260824_000542/P5S0C_PROBE_TELEMETRY/p5s0c_train_t1_r02_s5102_low_mu0.211510_probe_timesteps.csv,1
p5s0c_train_t1_r02_s5102_mid_mu0.509876,p5s0c_train_t1_root02_s5102,2,5102,MID,1,pick up the cream cheese and place it in the basket,TRAIN,0.509875894662746,5102,P4-B common contact-frame shear,1,1,0,0,1,1,1,1,derived_from_existing_P4B_fields_without_changing_probe,max_displacement_cap,2.0,1fc8da78aae1f55fe0667ab7fba628753f24cfd94c9076431cfa84613371b6d6,b1b6c3f690e7f1f42efdf2d29c947a29eea874763c6ef1f8f1f5b69f5a424574,CONTEXT_READY_FOR_BRANCHING,1,5.0,5,5,False,/home/exouser/Tabero/analysis/results/p5s0c_paired_boundary_probe_value_20260824_000542/P5S0C_PROBE_TELEMETRY/p5s0c_train_t1_r02_s5102_mid_mu0.509876_probe_timesteps.csv,1
p5s0c_train_t1_r02_s5102_high_mu0.917516,p5s0c_train_t1_root02_s5102,2,5102,HIGH,1,pick up the cream cheese and place it in the basket,TRAIN,0.9175159521214378,5102,P4-B common contact-frame shear,1,1,0,0,1,1,1,1,derived_from_existing_P4B_fields_without_changing_probe,max_displacement_cap,2.0,64622665769be1eb1b6929ea00b3359f1150ec821a5f25cccd04d82af38f8a75,ee547880cc448dd8c0926d40c05cf9057cff4fff6c24ccd05ad2264ad434afce,CONTEXT_READY_FOR_BRANCHING,1,5.0,5,5,False,/home/exouser/Tabero/analysis/results/p5s0c_paired_boundary_probe_value_20260824_000542/P5S0C_PROBE_TELEMETRY/p5s0c_train_t1_r02_s5102_high_mu0.917516_probe_timesteps.csv,1
p5s0c_train_t1_r03_s5103_low_mu0.252239,p5s0c_train_t1_root03_s5103,3,5103,LOW,1,pick up the cream cheese and place it in the basket,TRAIN,0.2522389282215292,5103,P4-B common contact-frame shear,1,1,0,0,1,1,1,1,derived_from_existing_P4B_fields_without_changing_probe,max_displacement_cap,2.0,fc6b1701bbfaa5c1f703f47201b54cc7b4d64d80ff452135bfdec0b4009a3222,4739192fb79be181f2e92519af9415e88c4ba6a3014e1df7519a66409b18b9a9,CONTEXT_READY_FOR_BRANCHING,1,5.0,5,5,False,/home/exouser/Tabero/analysis/results/p5s0c_paired_boundary_probe_value_20260824_000542/P5S0C_PROBE_TELEMETRY/p5s0c_train_t1_r03_s5103_low_mu0.252239_probe_timesteps.csv,1
p5s0c_train_t1_r03_s5103_mid_mu0.580481,p5s0c_train_t1_root03_s5103,3,5103,MID,1,pick up the cream cheese and place it in the basket,TRAIN,0.5804812058382962,5103,P4-B common contact-frame shear,1,1,0,0,1,1,1,1,derived_from_existing_P4B_fields_without_changing_probe,max_displacement_cap,2.0,dda034aa916bd2f3b3f0f73e8b6fc42fd4eefdec26f26fea01e20b3d60a1e698,5798cf1a6415ab1ed2dd38233b3e2aad121df1c5b0453bcf03f7cdad2fae7734,CONTEXT_READY_FOR_BRANCHING,1,5.0,5,5,False,/home/exouser/Tabero/analysis/results/p5s0c_paired_boundary_probe_value_20260824_000542/P5S0C_PROBE_TELEMETRY/p5s0c_train_t1_r03_s5103_mid_mu0.580481_probe_timesteps.csv,1
p5s0c_train_t1_r03_s5103_high_mu0.994255,p5s0c_train_t1_root03_s5103,3,5103,HIGH,1,pick up the cream cheese and place it in the basket,TRAIN,0.9942547016813209,5103,P4-B common contact-frame shear,1,1,0,0,1,1,1,1,derived_from_existing_P4B_fields_without_changing_probe,max_displacement_cap,2.0,c4ba7634bbbb18cc735a0fe75d127600ae1c76c4bdde6b0708dfe6da693bd782,653cf941af358ae593fa9e4b913d2bc6c7a83b96ec140d29abe95d35e2518990,CONTEXT_READY_FOR_BRANCHING,1,5.0,5,5,False,/home/exouser/Tabero/analysis/results/p5s0c_paired_boundary_probe_value_20260824_000542/P5S0C_PROBE_TELEMETRY/p5s0c_train_t1_r03_s5103_high_mu0.994255_probe_timesteps.csv,1
p5s0c_train_t1_r04_s5104_low_mu0.223399,p5s0c_train_t1_root04_s5104,4,5104,LOW,1,pick up the cream cheese and place it in the basket,TRAIN,0.2233988467038157,5104,P4-B common contact-frame shear,1,1,0,0,1,1,1,1,derived_from_existing_P4B_fields_without_changing_probe,max_displacement_cap,2.0,1b1d70fa8e20a354507da1e4c8ccf8cad722e90365c153b1e595734ba461badc,e9da737f09a0271a2c2557c290981c53b8c8fa33039b75f104ed7f487cf39bb3,CONTEXT_READY_FOR_BRANCHING,1,5.0,5,5,False,/home/exouser/Tabero/analysis/results/p5s0c_paired_boundary_probe_value_20260824_000542/P5S0C_PROBE_TELEMETRY/p5s0c_train_t1_r04_s5104_low_mu0.223399_probe_timesteps.csv,1
p5s0c_train_t1_r04_s5104_mid_mu0.589024,p5s0c_train_t1_root04_s5104,4,5104,MID,1,pick up the cream cheese and place it in the basket,TRAIN,0.5890240876672719,5104,P4-B common contact-frame shear,1,1,0,0,1,1,1,1,derived_from_existing_P4B_fields_without_changing_probe,max_displacement_cap,2.0,918377e3a49b34f6a5598443429c4e5c5172afc69a180ced2bc297bc626adfb2,51eecb4c21068f305998a8d803773519b6024eb99221f1823de9a59ce8c26ca5,CONTEXT_READY_FOR_BRANCHING,1,5.0,5,5,False,/home/exouser/Tabero/analysis/results/p5s0c_paired_boundary_probe_value_20260824_000542/P5S0C_PROBE_TELEMETRY/p5s0c_train_t1_r04_s5104_mid_mu0.589024_probe_timesteps.csv,1
p5s0c_train_t1_r04_s5104_high_mu0.989461,p5s0c_train_t1_root04_s5104,4,5104,HIGH,1,pick up the cream cheese and place it in the basket,TRAIN,0.9894606289679417,5104,P4-B common contact-frame shear,1,1,0,0,1,1,1,1,derived_from_existing_P4B_fields_without_changing_probe,max_displacement_cap,2.0,a6c832e51182ee38ea71be95a65808c799e225486669f285a8da25915120f3a0,56d44fe154dfc2ef26aaa67204280b64e2e21bd74423811169f5f68169d9bca2,CONTEXT_READY_FOR_BRANCHING,1,5.0,5,5,False,/home/exouser/Tabero/analysis/results/p5s0c_paired_boundary_probe_value_20260824_000542/P5S0C_PROBE_TELEMETRY/p5s0c_train_t1_r04_s5104_high_mu0.989461_probe_timesteps.csv,1
p5s0c_train_t1_r05_s5105_low_mu0.281471,p5s0c_train_t1_root05_s5105,5,5105,LOW,1,pick up the cream cheese and place it in the basket,TRAIN,0.28147084843309544,5105,P4-B common contact-frame shear,1,1,0,0,1,1,1,1,derived_from_existing_P4B_fields_without_changing_probe,max_displacement_cap,2.0,e2fc19a297975b1d20b15a16b9c9a3ae72c9a19c8d848fcdf149151156e9399e,d5a14f31234d486d9876e0edba953bbab02fc8bc5e5ece919b22275d8ed1183e,CONTEXT_READY_FOR_BRANCHING,1,5.0,5,5,False,/home/exouser/Tabero/analysis/results/p5s0c_paired_boundary_probe_value_20260824_000542/P5S0C_PROBE_TELEMETRY/p5s0c_train_t1_r05_s5105_low_mu0.281471_probe_timesteps.csv,1
p5s0c_train_t1_r05_s5105_mid_mu0.533126,p5s0c_train_t1_root05_s5105,5,5105,MID,1,pick up the cream cheese and place it in the basket,TRAIN,0.5331259916067848,5105,P4-B common contact-frame shear,1,1,0,0,1,1,1,1,derived_from_existing_P4B_fields_without_changing_probe,max_displacement_cap,2.0,d4c7b8b738928804aea0cde15c6f44d95e64fae8b188153944429dddafd92a6c,748534ee8c29560268d374fc8542b4877f8c0e6f66f7c67d4934e76df296190b,CONTEXT_READY_FOR_BRANCHING,1,5.0,5,5,False,/home/exouser/Tabero/analysis/results/p5s0c_paired_boundary_probe_value_20260824_000542/P5S0C_PROBE_TELEMETRY/p5s0c_train_t1_r05_s5105_mid_mu0.533126_probe_timesteps.csv,1
p5s0c_train_t1_r05_s5105_high_mu0.901787,p5s0c_train_t1_root05_s5105,5,5105,HIGH,1,pick up the cream cheese and place it in the basket,TRAIN,0.9017871422121704,5105,P4-B common contact-frame shear,1,1,0,0,1,1,1,1,derived_from_existing_P4B_fields_without_changing_probe,max_displacement_cap,2.0,6c530f2e396f8cd1714437351aec3ed9866713fc7c9933d662fbc0003a31bf0c,3358164411a8bfdf80fa30b10391fbea6094259afc852e9f43e9c87abdfd5dfb,CONTEXT_READY_FOR_BRANCHING,1,5.0,5,5,False,/home/exouser/Tabero/analysis/results/p5s0c_paired_boundary_probe_value_20260824_000542/P5S0C_PROBE_TELEMETRY/p5s0c_train_t1_r05_s5105_high_mu0.901787_probe_timesteps.csv,1
p5s0c_dev_t1_r06_s5106_low_mu0.262418,p5s0c_dev_t1_root06_s5106,6,5106,LOW,1,pick up the cream cheese and place it in the basket,DEV,0.2624184362235552,5106,P4-B common contact-frame shear,1,1,0,0,1,1,1,1,derived_from_existing_P4B_fields_without_changing_probe,max_displacement_cap,2.0,dfa675be419dae7af1f5be7437dc1c560fa9433bfd5e26cef3a7880ee16bf275,7ded8c1c7428b02e47ea6acad4c4cdfcbc7afbd88700449928f2eabd12fa5edb,CONTEXT_READY_FOR_BRANCHING,1,5.0,5,5,False,/home/exouser/Tabero/analysis/results/p5s0c_paired_boundary_probe_value_20260824_000542/P5S0C_PROBE_TELEMETRY/p5s0c_dev_t1_r06_s5106_low_mu0.262418_probe_timesteps.csv,1
p5s0c_dev_t1_r06_s5106_mid_mu0.515227,p5s0c_dev_t1_root06_s5106,6,5106,MID,1,pick up the cream cheese and place it in the basket,DEV,0.5152267522480724,5106,P4-B common contact-frame shear,1,1,0,0,1,1,1,1,derived_from_existing_P4B_fields_without_changing_probe,max_displacement_cap,2.0,64bf8847a0a5bd95eaafffc261e4f0be4190b6fba5153f6e05ec36d074dc59be,787178ef34236a86c734edeba7f9f389601facd2a5c80d6a29cbe35e7ebce971,CONTEXT_READY_FOR_BRANCHING,1,5.0,5,5,False,/home/exouser/Tabero/analysis/results/p5s0c_paired_boundary_probe_value_20260824_000542/P5S0C_PROBE_TELEMETRY/p5s0c_dev_t1_r06_s5106_mid_mu0.515227_probe_timesteps.csv,1
p5s0c_dev_t1_r06_s5106_high_mu0.973004,p5s0c_dev_t1_root06_s5106,6,5106,HIGH,1,pick up the cream cheese and place it in the basket,DEV,0.9730036338301252,5106,P4-B common contact-frame shear,1,1,0,0,1,1,1,1,derived_from_existing_P4B_fields_without_changing_probe,max_displacement_cap,2.0,36d57eaf2dbec9d3db99ac3ca8d239496f04f866aa073aac1015283edcf5278c,f6dec2e0dbe71f5f6c9a9ae192f11448013d58d713f6d89284b914f427155039,CONTEXT_READY_FOR_BRANCHING,1,5.0,5,5,False,/home/exouser/Tabero/analysis/results/p5s0c_paired_boundary_probe_value_20260824_000542/P5S0C_PROBE_TELEMETRY/p5s0c_dev_t1_r06_s5106_high_mu0.973004_probe_timesteps.csv,1
p5s0c_dev_t1_r07_s5107_low_mu0.225573,p5s0c_dev_t1_root07_s5107,7,5107,LOW,1,pick up the cream cheese and place it in the basket,DEV,0.22557257649901416,5107,P4-B common contact-frame shear,1,1,0,0,1,1,1,1,derived_from_existing_P4B_fields_without_changing_probe,max_displacement_cap,2.0,53b95cd12229153f86e790b0eb1bb9086fb34d76da5e2a510ac191077b1bce09,6fcb6f2c3b90a04db8da3e4ac2302e68e392e28d7a472070da1d45e4b12e7241,CONTEXT_READY_FOR_BRANCHING,1,5.0,5,5,False,/home/exouser/Tabero/analysis/results/p5s0c_paired_boundary_probe_value_20260824_000542/P5S0C_PROBE_TELEMETRY/p5s0c_dev_t1_r07_s5107_low_mu0.225573_probe_timesteps.csv,1
p5s0c_dev_t1_r07_s5107_mid_mu0.500836,p5s0c_dev_t1_root07_s5107,7,5107,MID,1,pick up the cream cheese and place it in the basket,DEV,0.500835695412869,5107,P4-B common contact-frame shear,1,1,0,0,1,1,1,1,derived_from_existing_P4B_fields_without_changing_probe,max_displacement_cap,2.0,28e22731394d5715831fbe7cd7b539fbdd0f60dfedcabdf8b114a9baf5aaa399,7bf465387a3fe9337e6e044032ecd7f030ba85d0708846857cc67927e5130d7c,CONTEXT_READY_FOR_BRANCHING,1,5.0,5,5,False,/home/exouser/Tabero/analysis/results/p5s0c_paired_boundary_probe_value_20260824_000542/P5S0C_PROBE_TELEMETRY/p5s0c_dev_t1_r07_s5107_mid_mu0.500836_probe_timesteps.csv,1
p5s0c_dev_t1_r07_s5107_high_mu0.903359,p5s0c_dev_t1_root07_s5107,7,5107,HIGH,1,pick up the cream cheese and place it in the basket,DEV,0.9033587570076791,5107,P4-B common contact-frame shear,1,1,0,0,1,1,1,1,derived_from_existing_P4B_fields_without_changing_probe,max_displacement_cap,2.0,fc717adb723047ec2681aa9eeefc853f0de1faef2f5669455071f8901e7a518d,65b80b5d4dfce5490f7bad2fc45e9f4c633e29da88d5a20fa6121d117ab35e3b,CONTEXT_READY_FOR_BRANCHING,1,5.0,5,5,False,/home/exouser/Tabero/analysis/results/p5s0c_paired_boundary_probe_value_20260824_000542/P5S0C_PROBE_TELEMETRY/p5s0c_dev_t1_r07_s5107_high_mu0.903359_probe_timesteps.csv,1
p5s0c_test_t1_r08_s5108_low_mu0.258914,p5s0c_test_t1_root08_s5108,8,5108,LOW,1,pick up the cream cheese and place it in the basket,TEST,0.2589137266358619,5108,P4-B common contact-frame shear,1,1,0,0,1,1,1,1,derived_from_existing_P4B_fields_without_changing_probe,max_displacement_cap,2.0,8c831f13568dd530fb9264c97d55fd90630a34619ebc16e3a066f3b4be96d241,51d9491cd07344204a86184219fcba4d22d6e299c476b677ec0d0f3a6ebe43ba,CONTEXT_READY_FOR_BRANCHING,1,5.0,5,5,False,/home/exouser/Tabero/analysis/results/p5s0c_paired_boundary_probe_value_20260824_000542/P5S0C_PROBE_TELEMETRY/p5s0c_test_t1_r08_s5108_low_mu0.258914_probe_timesteps.csv,1
p5s0c_test_t1_r08_s5108_mid_mu0.507799,p5s0c_test_t1_root08_s5108,8,5108,MID,1,pick up the cream cheese and place it in the basket,TEST,0.5077986605848918,5108,P4-B common contact-frame shear,1,1,0,0,1,1,1,1,derived_from_existing_P4B_fields_without_changing_probe,max_displacement_cap,2.0,22e89a5fba4424daf32049e339a2a2d3c61fff770e75411f97a530eae7aa09b6,417c5432de5479c2f58d93fd52837e117b3214ee5289c3c71b67292d73704759,CONTEXT_READY_FOR_BRANCHING,1,5.0,5,5,False,/home/exouser/Tabero/analysis/results/p5s0c_paired_boundary_probe_value_20260824_000542/P5S0C_PROBE_TELEMETRY/p5s0c_test_t1_r08_s5108_mid_mu0.507799_probe_timesteps.csv,1
p5s0c_test_t1_r08_s5108_high_mu0.931731,p5s0c_test_t1_root08_s5108,8,5108,HIGH,1,pick up the cream cheese and place it in the basket,TEST,0.931730503072882,5108,P4-B common contact-frame shear,1,1,0,0,1,1,1,1,derived_from_existing_P4B_fields_without_changing_probe,max_displacement_cap,2.0,59fe47972d166e0f597d517d3416fef5790a84b2090881d91923edb2822c6132,08201d6e667da8450ac08295b26f2bc4976cbf414f3365417b615163d3debacd,CONTEXT_READY_FOR_BRANCHING,1,5.0,5,5,False,/home/exouser/Tabero/analysis/results/p5s0c_paired_boundary_probe_value_20260824_000542/P5S0C_PROBE_TELEMETRY/p5s0c_test_t1_r08_s5108_high_mu0.931731_probe_timesteps.csv,1
p5s0c_test_t1_r09_s5109_low_mu0.269281,p5s0c_test_t1_root09_s5109,9,5109,LOW,1,pick up the cream cheese and place it in the basket,TEST,0.2692813652529258,5109,P4-B common contact-frame shear,1,1,0,0,1,1,1,1,derived_from_existing_P4B_fields_without_changing_probe,max_displacement_cap,2.0,0b6aebae7b0bc87ee3c07fa91480f2bbcf34af49650b1af9339e0038c7734ec2,c559cac76e2f1318d774ea21666a298c995148005774d1d21c4c61dddf648506,CONTEXT_READY_FOR_BRANCHING,1,5.0,5,5,False,/home/exouser/Tabero/analysis/results/p5s0c_paired_boundary_probe_value_20260824_000542/P5S0C_PROBE_TELEMETRY/p5s0c_test_t1_r09_s5109_low_mu0.269281_probe_timesteps.csv,1
p5s0c_test_t1_r09_s5109_mid_mu0.519816,p5s0c_test_t1_root09_s5109,9,5109,MID,1,pick up the cream cheese and place it in the basket,TEST,0.5198161355632988,5109,P4-B common contact-frame shear,1,1,0,0,1,1,1,1,derived_from_existing_P4B_fields_without_changing_probe,max_displacement_cap,2.0,a7a2573207a7129f18b1ca9f19c42e03bfebad75619205fbf9c88ff8a4ba20c7,b6289eeea133de2732262a21e94bf53c589ac10e599acaa6ea6f8489264efaeb,CONTEXT_READY_FOR_BRANCHING,1,5.0,5,5,False,/home/exouser/Tabero/analysis/results/p5s0c_paired_boundary_probe_value_20260824_000542/P5S0C_PROBE_TELEMETRY/p5s0c_test_t1_r09_s5109_mid_mu0.519816_probe_timesteps.csv,1
p5s0c_test_t1_r09_s5109_high_mu0.922940,p5s0c_test_t1_root09_s5109,9,5109,HIGH,1,pick up the cream cheese and place it in the basket,TEST,0.9229400559652273,5109,P4-B common contact-frame shear,1,1,0,0,1,1,1,1,derived_from_existing_P4B_fields_without_changing_probe,max_displacement_cap,2.0,7aedd7ffce16c3582d7b98fa7a0cd8132fe6fd2f1cade683b91434f9a3b8b328,8b14be05b1da6a8b57e13831cb521735c69e4f5ee2a3ee7054b2b56c2a8ee733,CONTEXT_READY_FOR_BRANCHING,1,5.0,5,5,False,/home/exouser/Tabero/analysis/results/p5s0c_paired_boundary_probe_value_20260824_000542/P5S0C_PROBE_TELEMETRY/p5s0c_test_t1_r09_s5109_high_mu0.922940_probe_timesteps.csv,1
p5s0c_test_t1_r10_s5110_low_mu0.276521,p5s0c_test_t1_root10_s5110,10,5110,LOW,1,pick up the cream cheese and place it in the basket,TEST,0.2765211847843557,5110,P4-B common contact-frame shear,1,1,0,0,1,1,1,1,derived_from_existing_P4B_fields_without_changing_probe,max_displacement_cap,2.0,8fbb32a8cfb8e29b34cc1db946a2711cf0769847329bc4c4ccf00f4394a39e1c,f7d8c9ed3aa0ffb86861e444da1c5c5f025fbfd618d1f39d2c31697df184eb3d,CONTEXT_READY_FOR_BRANCHING,1,5.0,5,5,False,/home/exouser/Tabero/analysis/results/p5s0c_paired_boundary_probe_value_20260824_000542/P5S0C_PROBE_TELEMETRY/p5s0c_test_t1_r10_s5110_low_mu0.276521_probe_timesteps.csv,1
p5s0c_test_t1_r10_s5110_mid_mu0.557307,p5s0c_test_t1_root10_s5110,10,5110,MID,1,pick up the cream cheese and place it in the basket,TEST,0.5573074412236266,5110,P4-B common contact-frame shear,1,1,0,0,1,1,1,1,derived_from_existing_P4B_fields_without_changing_probe,max_displacement_cap,2.0,6d837ea77f03cbb8fe76b2541e0c96d286b3c2100473d1f1065a2cfed82b226a,993222bef7405f0c05aa66704b089e5bcea68b77e05cd850242194b72130b443,CONTEXT_READY_FOR_BRANCHING,1,5.0,5,5,False,/home/exouser/Tabero/analysis/results/p5s0c_paired_boundary_probe_value_20260824_000542/P5S0C_PROBE_TELEMETRY/p5s0c_test_t1_r10_s5110_mid_mu0.557307_probe_timesteps.csv,1
p5s0c_test_t1_r10_s5110_high_mu0.989762,p5s0c_test_t1_root10_s5110,10,5110,HIGH,1,pick up the cream cheese and place it in the basket,TEST,0.9897617626431056,5110,P4-B common contact-frame shear,1,1,0,0,1,1,1,1,derived_from_existing_P4B_fields_without_changing_probe,max_displacement_cap,2.0,76b807fe27ee50aafaf188ced2d266642edd2e59282e2d3d525a7c89ee0e20cf,14318d74faab7b102ba7a2f4f3a0043d0ea0dc34e221a60cdef26b4a2be770cd,CONTEXT_READY_FOR_BRANCHING,1,5.0,5,5,False,/home/exouser/Tabero/analysis/results/p5s0c_paired_boundary_probe_value_20260824_000542/P5S0C_PROBE_TELEMETRY/p5s0c_test_t1_r10_s5110_high_mu0.989762_probe_timesteps.csv,1
p5s0c_test_t1_r11_s5111_low_mu0.205248,p5s0c_test_t1_root11_s5111,11,5111,LOW,1,pick up the cream cheese and place it in the basket,TEST,0.20524823245039278,5111,P4-B common contact-frame shear,1,1,0,0,1,1,1,1,derived_from_existing_P4B_fields_without_changing_probe,max_displacement_cap,2.0,8962530a961d8c0a4a047733e277f624269b449ea2eff006dce1a6f21d26bbcb,f14bd20d4db660b4242e54531c15281bc01a04c95973675f9a0fe539dea5ca5e,CONTEXT_READY_FOR_BRANCHING,1,5.0,5,5,False,/home/exouser/Tabero/analysis/results/p5s0c_paired_boundary_probe_value_20260824_000542/P5S0C_PROBE_TELEMETRY/p5s0c_test_t1_r11_s5111_low_mu0.205248_probe_timesteps.csv,1
p5s0c_test_t1_r11_s5111_mid_mu0.594066,p5s0c_test_t1_root11_s5111,11,5111,MID,1,pick up the cream cheese and place it in the basket,TEST,0.5940658783003948,5111,P4-B common contact-frame shear,1,1,0,0,1,1,1,1,derived_from_existing_P4B_fields_without_changing_probe,max_displacement_cap,2.0,1c655ceea301182ad844cd055d03e74e1f21c1c0141c411b11b8e120c1c51cc0,9a647544ee8bf6ec503d79ec5f6617e36aadea31b6579cb373dcaf1f6f46e0bf,CONTEXT_READY_FOR_BRANCHING,1,5.0,5,5,False,/home/exouser/Tabero/analysis/results/p5s0c_paired_boundary_probe_value_20260824_000542/P5S0C_PROBE_TELEMETRY/p5s0c_test_t1_r11_s5111_mid_mu0.594066_probe_timesteps.csv,1
p5s0c_test_t1_r11_s5111_high_mu0.923745,p5s0c_test_t1_root11_s5111,11,5111,HIGH,1,pick up the cream cheese and place it in the basket,TEST,0.9237451676399363,5111,P4-B common contact-frame shear,1,1,0,0,1,1,1,1,derived_from_existing_P4B_fields_without_changing_probe,max_displacement_cap,2.0,a1ac62998bcaaeb51358ae18319ec6af4db383c00b6c0f67a4148bc8c7960fc0,212ffdf344d3713edf6b609650d85b8f0e70d5304932b5e4238a45e90a09697c,CONTEXT_READY_FOR_BRANCHING,1,5.0,5,5,False,/home/exouser/Tabero/analysis/results/p5s0c_paired_boundary_probe_value_20260824_000542/P5S0C_PROBE_TELEMETRY/p5s0c_test_t1_r11_s5111_high_mu0.923745_probe_timesteps.csv,1
p5s0c_train_t5_r00_s5100_low_mu0.270805,p5s0c_train_t5_root00_s5100,0,5100,LOW,5,pick up the tomato sauce and place it in the basket,TRAIN,0.2708052527683458,5100,P4-B common contact-frame shear,1,1,0,0,1,1,1,1,derived_from_existing_P4B_fields_without_changing_probe,max_displacement_cap,2.0,e7d9aedabd730529feff9c777eebc9482e998a415cdd37e55bbf1d7e4fdb0c97,7210444392bd2ed685d3b663e4449cc3449bc6907650b2fba3a9c0317e2a00f6,CONTEXT_READY_FOR_BRANCHING,1,4.0,4,4,False,/home/exouser/Tabero/analysis/results/p5s0c_paired_boundary_probe_value_20260824_000542/P5S0C_PROBE_TELEMETRY/p5s0c_train_t5_r00_s5100_low_mu0.270805_probe_timesteps.csv,1
p5s0c_train_t5_r00_s5100_mid_mu0.538330,p5s0c_train_t5_root00_s5100,0,5100,MID,5,pick up the tomato sauce and place it in the basket,TRAIN,0.538330484944251,5100,P4-B common contact-frame shear,1,1,0,0,1,1,1,1,derived_from_existing_P4B_fields_without_changing_probe,max_displacement_cap,2.0,f8fcbcaaa79a08eae82ed7e55a9c328b0867d6c4f37b112fa264ab4590a622b3,e70d054dc6547284bbec57c00ebc428db1b7029ea169a0444df0880818aa3084,CONTEXT_READY_FOR_BRANCHING,1,4.0,4,4,False,/home/exouser/Tabero/analysis/results/p5s0c_paired_boundary_probe_value_20260824_000542/P5S0C_PROBE_TELEMETRY/p5s0c_train_t5_r00_s5100_mid_mu0.538330_probe_timesteps.csv,1
p5s0c_train_t5_r00_s5100_high_mu0.945004,p5s0c_train_t5_root00_s5100,0,5100,HIGH,5,pick up the tomato sauce and place it in the basket,TRAIN,0.9450036831015114,5100,P4-B common contact-frame shear,1,1,0,0,1,1,1,1,derived_from_existing_P4B_fields_without_changing_probe,max_displacement_cap,2.0,7b6c1c69afb9c416b6fa50d9c0c6343c1c9bb1d868ce921c1c5c7d028492808c,5b9aa8b140bff16b659d773ed02de7b21da7d5022a2bbf787b74a3d68110a815,CONTEXT_READY_FOR_BRANCHING,1,4.0,4,4,False,/home/exouser/Tabero/analysis/results/p5s0c_paired_boundary_probe_value_20260824_000542/P5S0C_PROBE_TELEMETRY/p5s0c_train_t5_r00_s5100_high_mu0.945004_probe_timesteps.csv,1
p5s0c_train_t5_r01_s5101_low_mu0.269928,p5s0c_train_t5_root01_s5101,1,5101,LOW,5,pick up the tomato sauce and place it in the basket,TRAIN,0.2699280391435209,5101,P4-B common contact-frame shear,1,1,0,0,1,1,1,1,derived_from_existing_P4B_fields_without_changing_probe,max_displacement_cap,2.0,002cdb3dfdb8a8efd5f55e172394bd0283452e9015c8532cb4949b227e4f7f09,90794bf4df3e09a093a1d1071919f1286c4a61d61d9a20c6572eac8b34138f79,CONTEXT_READY_FOR_BRANCHING,1,4.0,4,4,False,/home/exouser/Tabero/analysis/results/p5s0c_paired_boundary_probe_value_20260824_000542/P5S0C_PROBE_TELEMETRY/p5s0c_train_t5_r01_s5101_low_mu0.269928_probe_timesteps.csv,1
p5s0c_train_t5_r01_s5101_mid_mu0.531976,p5s0c_train_t5_root01_s5101,1,5101,MID,5,pick up the tomato sauce and place it in the basket,TRAIN,0.5319764380853421,5101,P4-B common contact-frame shear,1,1,0,0,1,1,1,1,derived_from_existing_P4B_fields_without_changing_probe,max_displacement_cap,2.0,84a0eba6f742e84fb001c9877d9db97ef4debbe54dd78fe37d3154fb7a472fc7,e135a164270097f6dcaf4ab8722e35d93f7106c72b6b7c1a803008c6d18fea3a,CONTEXT_READY_FOR_BRANCHING,1,4.0,4,4,False,/home/exouser/Tabero/analysis/results/p5s0c_paired_boundary_probe_value_20260824_000542/P5S0C_PROBE_TELEMETRY/p5s0c_train_t5_r01_s5101_mid_mu0.531976_probe_timesteps.csv,1
p5s0c_train_t5_r01_s5101_high_mu0.977978,p5s0c_train_t5_root01_s5101,1,5101,HIGH,5,pick up the tomato sauce and place it in the basket,TRAIN,0.9779779583271985,5101,P4-B common contact-frame shear,1,1,0,0,1,1,1,1,derived_from_existing_P4B_fields_without_changing_probe,max_displacement_cap,2.0,b36694d95ef4112c99892f2db4a98d1bd553e2cbb475b5f00497cf2836e89531,86dbdda60122184fdf2d220276b2e95f05468443c27cfee1bb156b94971c337d,CONTEXT_READY_FOR_BRANCHING,1,4.0,4,4,False,/home/exouser/Tabero/analysis/results/p5s0c_paired_boundary_probe_value_20260824_000542/P5S0C_PROBE_TELEMETRY/p5s0c_train_t5_r01_s5101_high_mu0.977978_probe_timesteps.csv,1
p5s0c_train_t5_r02_s5102_low_mu0.295394,p5s0c_train_t5_root02_s5102,2,5102,LOW,5,pick up the tomato sauce and place it in the basket,TRAIN,0.2953937543558703,5102,P4-B common contact-frame shear,1,1,0,0,1,1,1,1,derived_from_existing_P4B_fields_without_changing_probe,max_displacement_cap,2.0,a472d70830be1b7e82208bb2bc6385ede9cfd9d96a4c1f472fe5c28d2397de52,cfc2d2fb36a11504995ead726930f9d51945a4226fecc2896899f97dd6b2913b,CONTEXT_READY_FOR_BRANCHING,1,4.0,4,4,False,/home/exouser/Tabero/analysis/results/p5s0c_paired_boundary_probe_value_20260824_000542/P5S0C_PROBE_TELEMETRY/p5s0c_train_t5_r02_s5102_low_mu0.295394_probe_timesteps.csv,1
p5s0c_train_t5_r02_s5102_mid_mu0.569222,p5s0c_train_t5_root02_s5102,2,5102,MID,5,pick up the tomato sauce and place it in the basket,TRAIN,0.5692222329044275,5102,P4-B common contact-frame shear,1,1,0,0,1,1,1,1,derived_from_existing_P4B_fields_without_changing_probe,max_displacement_cap,2.0,92bacd777839d95753911f2a36ea8f1997ee1f273db0f68a4fd5ecada18d0315,df7f57453a45b7a54183def84b2b6feaa5f4d8a9972e5017788419f02bd9da0b,CONTEXT_READY_FOR_BRANCHING,1,4.0,4,4,False,/home/exouser/Tabero/analysis/results/p5s0c_paired_boundary_probe_value_20260824_000542/P5S0C_PROBE_TELEMETRY/p5s0c_train_t5_r02_s5102_mid_mu0.569222_probe_timesteps.csv,1
p5s0c_train_t5_r02_s5102_high_mu0.938254,p5s0c_train_t5_root02_s5102,2,5102,HIGH,5,pick up the tomato sauce and place it in the basket,TRAIN,0.9382535774444987,5102,P4-B common contact-frame shear,1,1,0,0,1,1,1,1,derived_from_existing_P4B_fields_without_changing_probe,max_displacement_cap,2.0,c2001c10f6a5022f7c7772978efad61b4d636f077837c80d9b591014c666ccdc,0e56550ae272c6aa5724e4ab9542fc9ec9dda813f9383bdc7a6c8706313ee72f,CONTEXT_READY_FOR_BRANCHING,1,4.0,4,4,False,/home/exouser/Tabero/analysis/results/p5s0c_paired_boundary_probe_value_20260824_000542/P5S0C_PROBE_TELEMETRY/p5s0c_train_t5_r02_s5102_high_mu0.938254_probe_timesteps.csv,1
p5s0c_train_t5_r03_s5103_low_mu0.268456,p5s0c_train_t5_root03_s5103,3,5103,LOW,5,pick up the tomato sauce and place it in the basket,TRAIN,0.2684556388624265,5103,P4-B common contact-frame shear,1,1,0,0,1,1,1,1,derived_from_existing_P4B_fields_without_changing_probe,max_displacement_cap,2.0,17303f691d224941224c25e832101198938c42f8a0275806c092dde818499d54,a616b960ca86d8f286ff7eb36a27f5e4eb69a6e85eb682447b2652f3e28222e1,CONTEXT_READY_FOR_BRANCHING,1,4.0,4,4,False,/home/exouser/Tabero/analysis/results/p5s0c_paired_boundary_probe_value_20260824_000542/P5S0C_PROBE_TELEMETRY/p5s0c_train_t5_r03_s5103_low_mu0.268456_probe_timesteps.csv,1
p5s0c_train_t5_r03_s5103_mid_mu0.579422,p5s0c_train_t5_root03_s5103,3,5103,MID,5,pick up the tomato sauce and place it in the basket,TRAIN,0.5794217219847442,5103,P4-B common contact-frame shear,1,1,0,0,1,1,1,1,derived_from_existing_P4B_fields_without_changing_probe,max_displacement_cap,2.0,ce2edd0155b11521ab688af9cc1684a9a762d2e9691483ff7c8686b3daec4d91,cd5cae721634de83efa7ba9bbe7f3be8e50a2f3499ad689c42566051aad3cc3f,CONTEXT_READY_FOR_BRANCHING,1,4.0,4,4,False,/home/exouser/Tabero/analysis/results/p5s0c_paired_boundary_probe_value_20260824_000542/P5S0C_PROBE_TELEMETRY/p5s0c_train_t5_r03_s5103_mid_mu0.579422_probe_timesteps.csv,1
p5s0c_train_t5_r03_s5103_high_mu0.971853,p5s0c_train_t5_root03_s5103,3,5103,HIGH,5,pick up the tomato sauce and place it in the basket,TRAIN,0.9718526963499343,5103,P4-B common contact-frame shear,1,1,0,0,1,1,1,1,derived_from_existing_P4B_fields_without_changing_probe,max_displacement_cap,2.0,d56612344a64f38158e2bedc1d6088b9f8e445fff27d5ffb020787ee40082c9d,2265c82db06d347a64963cf5f3a0ca0af68d89c7a7cab4e026f785f2cf4737f9,CONTEXT_READY_FOR_BRANCHING,1,4.0,4,4,False,/home/exouser/Tabero/analysis/results/p5s0c_paired_boundary_probe_value_20260824_000542/P5S0C_PROBE_TELEMETRY/p5s0c_train_t5_r03_s5103_high_mu0.971853_probe_timesteps.csv,1
p5s0c_train_t5_r04_s5104_low_mu0.296413,p5s0c_train_t5_root04_s5104,4,5104,LOW,5,pick up the tomato sauce and place it in the basket,TRAIN,0.29641327786490484,5104,P4-B common contact-frame shear,1,1,0,0,1,1,1,1,derived_from_existing_P4B_fields_without_changing_probe,max_displacement_cap,2.0,c09109cbb812bbf646ccfe8ad0a60d12bfb186c711fff0de936c8db2c2f3fc5f,9688f758e4a9422fcf897e0c85d9298b210809deabed1054e5ddef197d79c804,CONTEXT_READY_FOR_BRANCHING,1,4.0,4,4,False,/home/exouser/Tabero/analysis/results/p5s0c_paired_boundary_probe_value_20260824_000542/P5S0C_PROBE_TELEMETRY/p5s0c_train_t5_r04_s5104_low_mu0.296413_probe_timesteps.csv,1
p5s0c_train_t5_r04_s5104_mid_mu0.479493,p5s0c_train_t5_root04_s5104,4,5104,MID,5,pick up the tomato sauce and place it in the basket,TRAIN,0.47949311931111244,5104,P4-B common contact-frame shear,1,1,0,0,1,1,1,1,derived_from_existing_P4B_fields_without_changing_probe,max_displacement_cap,2.0,e8f80c584b6cd87538f0f6c893bb9ddf5a4382d39184b7e5d0fda8b034bd3fe7,a4e1773d31cd486242ae5195bfae6e5e75659850016f0813fc9f2d08960abd01,CONTEXT_READY_FOR_BRANCHING,1,4.0,4,4,False,/home/exouser/Tabero/analysis/results/p5s0c_paired_boundary_probe_value_20260824_000542/P5S0C_PROBE_TELEMETRY/p5s0c_train_t5_r04_s5104_mid_mu0.479493_probe_timesteps.csv,1
p5s0c_train_t5_r04_s5104_high_mu0.927670,p5s0c_train_t5_root04_s5104,4,5104,HIGH,5,pick up the tomato sauce and place it in the basket,TRAIN,0.9276696852071153,5104,P4-B common contact-frame shear,1,1,0,0,1,1,1,1,derived_from_existing_P4B_fields_without_changing_probe,max_displacement_cap,2.0,f3e197f74921c31d31251ddf4f657d2753eb5c38f2b34e13d5023fd40721e3f2,f79223cffdfef1409a8a5680fc319c6a3d499bf5a53f92e77ac81504bdbbb6a7,CONTEXT_READY_FOR_BRANCHING,1,4.0,4,4,False,/home/exouser/Tabero/analysis/results/p5s0c_paired_boundary_probe_value_20260824_000542/P5S0C_PROBE_TELEMETRY/p5s0c_train_t5_r04_s5104_high_mu0.927670_probe_timesteps.csv,1
p5s0c_train_t5_r05_s5105_low_mu0.212460,p5s0c_train_t5_root05_s5105,5,5105,LOW,5,pick up the tomato sauce and place it in the basket,TRAIN,0.21245989879926902,5105,P4-B common contact-frame shear,1,1,0,0,1,1,1,1,derived_from_existing_P4B_fields_without_changing_probe,max_displacement_cap,2.0,ce236e0463007ebaaf8159b59f2add378b85625de5a8a43434df2e495d6140f8,f860a2688b9ead6674f42e5e9c7aa67b9a5608f2827feb22b80eb943aeac8d11,CONTEXT_READY_FOR_BRANCHING,1,4.0,4,4,False,/home/exouser/Tabero/analysis/results/p5s0c_paired_boundary_probe_value_20260824_000542/P5S0C_PROBE_TELEMETRY/p5s0c_train_t5_r05_s5105_low_mu0.212460_probe_timesteps.csv,1
p5s0c_train_t5_r05_s5105_mid_mu0.478580,p5s0c_train_t5_root05_s5105,5,5105,MID,5,pick up the tomato sauce and place it in the basket,TRAIN,0.4785796961711498,5105,P4-B common contact-frame shear,1,1,0,0,1,1,1,1,derived_from_existing_P4B_fields_without_changing_probe,max_displacement_cap,2.0,dbc9ac27e621b11168bc89a6852f8d950efa0be03a200c37b61319227b2a4195,4ee7128fc154dd5c74b3182ae944e8f25f62e332572a45abfe29662d0fe85218,CONTEXT_READY_FOR_BRANCHING,1,4.0,4,4,False,/home/exouser/Tabero/analysis/results/p5s0c_paired_boundary_probe_value_20260824_000542/P5S0C_PROBE_TELEMETRY/p5s0c_train_t5_r05_s5105_mid_mu0.478580_probe_timesteps.csv,1
p5s0c_train_t5_r05_s5105_high_mu0.955667,p5s0c_train_t5_root05_s5105,5,5105,HIGH,5,pick up the tomato sauce and place it in the basket,TRAIN,0.9556674783451712,5105,P4-B common contact-frame shear,1,1,0,0,1,1,1,1,derived_from_existing_P4B_fields_without_changing_probe,max_displacement_cap,2.0,f406b48c4629a3d6f1b48cada218921bd2a9871c60c9179153fcd187fd44471f,bd334a4046b5e25aa70e8d62e9355d3b98ad5cd79d8b2b1ce884cd9e8d39df45,CONTEXT_READY_FOR_BRANCHING,1,4.0,4,4,False,/home/exouser/Tabero/analysis/results/p5s0c_paired_boundary_probe_value_20260824_000542/P5S0C_PROBE_TELEMETRY/p5s0c_train_t5_r05_s5105_high_mu0.955667_probe_timesteps.csv,1
p5s0c_dev_t5_r06_s5106_low_mu0.283428,p5s0c_dev_t5_root06_s5106,6,5106,LOW,5,pick up the tomato sauce and place it in the basket,DEV,0.2834278244355604,5106,P4-B common contact-frame shear,1,1,0,0,1,1,1,1,derived_from_existing_P4B_fields_without_changing_probe,max_displacement_cap,2.0,5813604b068a7a59b867456d27f1ee968526d011ca05ff8821110e35f4cc55c2,b702bcfbbed903f0be8bbce1d097d6fa211c8b98315598b72b84b489d25a6cf9,CONTEXT_READY_FOR_BRANCHING,1,4.0,4,4,False,/home/exouser/Tabero/analysis/results/p5s0c_paired_boundary_probe_value_20260824_000542/P5S0C_PROBE_TELEMETRY/p5s0c_dev_t5_r06_s5106_low_mu0.283428_probe_timesteps.csv,1
p5s0c_dev_t5_r06_s5106_mid_mu0.455479,p5s0c_dev_t5_root06_s5106,6,5106,MID,5,pick up the tomato sauce and place it in the basket,DEV,0.4554788210846013,5106,P4-B common contact-frame shear,1,1,0,0,1,1,1,1,derived_from_existing_P4B_fields_without_changing_probe,max_displacement_cap,2.0,dddb4a05d74ad6592c9b748597040ca590e63bf540b2e20d5051c31874d00300,24a36ef58372b2e428e9b5e212d9d57c7c4449464b889b1c817a09b5dea4e825,CONTEXT_READY_FOR_BRANCHING,1,4.0,4,4,False,/home/exouser/Tabero/analysis/results/p5s0c_paired_boundary_probe_value_20260824_000542/P5S0C_PROBE_TELEMETRY/p5s0c_dev_t5_r06_s5106_mid_mu0.455479_probe_timesteps.csv,1
p5s0c_dev_t5_r06_s5106_high_mu0.917878,p5s0c_dev_t5_root06_s5106,6,5106,HIGH,5,pick up the tomato sauce and place it in the basket,DEV,0.9178783381827694,5106,P4-B common contact-frame shear,1,1,0,0,1,1,1,1,derived_from_existing_P4B_fields_without_changing_probe,max_displacement_cap,2.0,c4c1ad724bca603bc982b594ac17b0ae86418b98402752f7e788420375e49b60,1983ca1619841371d6e7ad2c6885e548a2c03aee2ed98afe01efe95cd2d53806,CONTEXT_READY_FOR_BRANCHING,1,4.0,4,4,False,/home/exouser/Tabero/analysis/results/p5s0c_paired_boundary_probe_value_20260824_000542/P5S0C_PROBE_TELEMETRY/p5s0c_dev_t5_r06_s5106_high_mu0.917878_probe_timesteps.csv,1
p5s0c_dev_t5_r07_s5107_low_mu0.210709,p5s0c_dev_t5_root07_s5107,7,5107,LOW,5,pick up the tomato sauce and place it in the basket,DEV,0.21070910151294497,5107,P4-B common contact-frame shear,1,1,0,0,1,1,1,1,derived_from_existing_P4B_fields_without_changing_probe,max_displacement_cap,2.0,782cfbbcebf93654071f0f84ee6f576bfabeef03af93623fc19f087df5802788,c24bab75d4652fafb31a6d35981a75e56588cdc432b2c9fb9e979b2ac4e2e4cb,CONTEXT_READY_FOR_BRANCHING,1,4.0,4,4,False,/home/exouser/Tabero/analysis/results/p5s0c_paired_boundary_probe_value_20260824_000542/P5S0C_PROBE_TELEMETRY/p5s0c_dev_t5_r07_s5107_low_mu0.210709_probe_timesteps.csv,1
p5s0c_dev_t5_r07_s5107_mid_mu0.555512,p5s0c_dev_t5_root07_s5107,7,5107,MID,5,pick up the tomato sauce and place it in the basket,DEV,0.5555123454255387,5107,P4-B common contact-frame shear,1,1,0,0,1,1,1,1,derived_from_existing_P4B_fields_without_changing_probe,max_displacement_cap,2.0,12c988b27bdaf16e2f1c778b99092647988e336b2e65d9f7e0f2cf4cd7b5f621,1660abb8bf30fd739bba568b1cfe84be04d7872b110af965172fd2ca072f9598,CONTEXT_READY_FOR_BRANCHING,1,4.0,4,4,False,/home/exouser/Tabero/analysis/results/p5s0c_paired_boundary_probe_value_20260824_000542/P5S0C_PROBE_TELEMETRY/p5s0c_dev_t5_r07_s5107_mid_mu0.555512_probe_timesteps.csv,1
p5s0c_dev_t5_r07_s5107_high_mu0.960037,p5s0c_dev_t5_root07_s5107,7,5107,HIGH,5,pick up the tomato sauce and place it in the basket,DEV,0.9600366003423394,5107,P4-B common contact-frame shear,1,1,0,0,1,1,1,1,derived_from_existing_P4B_fields_without_changing_probe,max_displacement_cap,2.0,04c9b6c9363b0272a813cfceed19e1ac89f22f77e3b377276e00b229151216c6,67304eb2cf477016580b5fef0ae171f6ce78f09759f567b82921bf98d211fcdc,CONTEXT_READY_FOR_BRANCHING,1,4.0,4,4,False,/home/exouser/Tabero/analysis/results/p5s0c_paired_boundary_probe_value_20260824_000542/P5S0C_PROBE_TELEMETRY/p5s0c_dev_t5_r07_s5107_high_mu0.960037_probe_timesteps.csv,1
p5s0c_test_t5_r08_s5108_low_mu0.281022,p5s0c_test_t5_root08_s5108,8,5108,LOW,5,pick up the tomato sauce and place it in the basket,TEST,0.2810223546644395,5108,P4-B common contact-frame shear,1,1,0,0,1,1,1,1,derived_from_existing_P4B_fields_without_changing_probe,max_displacement_cap,2.0,c2dc77e306b661ef3c780336d0ae2d13bf14ff2a1e00361951fc36dee47d67f2,342df0514538ff907ff332cda4235f5dab46b988fba3baa437a4947f89c97dd5,CONTEXT_READY_FOR_BRANCHING,1,4.0,4,4,False,/home/exouser/Tabero/analysis/results/p5s0c_paired_boundary_probe_value_20260824_000542/P5S0C_PROBE_TELEMETRY/p5s0c_test_t5_r08_s5108_low_mu0.281022_probe_timesteps.csv,1
p5s0c_test_t5_r08_s5108_mid_mu0.472511,p5s0c_test_t5_root08_s5108,8,5108,MID,5,pick up the tomato sauce and place it in the basket,TEST,0.4725107627202033,5108,P4-B common contact-frame shear,1,1,0,0,1,1,1,1,derived_from_existing_P4B_fields_without_changing_probe,max_displacement_cap,2.0,313c6730b3297a94a854cfaec546c94e2ef4f8b2745910348739c253e1c1e0de,c58d99c1e6359ffcefbe553f3adcca23d4e245f1953638096446c185228133c7,CONTEXT_READY_FOR_BRANCHING,1,4.0,4,4,False,/home/exouser/Tabero/analysis/results/p5s0c_paired_boundary_probe_value_20260824_000542/P5S0C_PROBE_TELEMETRY/p5s0c_test_t5_r08_s5108_mid_mu0.472511_probe_timesteps.csv,1
p5s0c_test_t5_r08_s5108_high_mu0.916302,p5s0c_test_t5_root08_s5108,8,5108,HIGH,5,pick up the tomato sauce and place it in the basket,TEST,0.9163017970555051,5108,P4-B common contact-frame shear,1,1,0,0,1,1,1,1,derived_from_existing_P4B_fields_without_changing_probe,max_displacement_cap,2.0,1dc54042a10b8ebf55c49acba35be90a37fe12d81cb04185660b730cfee04842,0e320173522918fa62a7dfb053e8bc751ed75eafdb4478bfd6991bdd08642083,CONTEXT_READY_FOR_BRANCHING,1,4.0,4,4,False,/home/exouser/Tabero/analysis/results/p5s0c_paired_boundary_probe_value_20260824_000542/P5S0C_PROBE_TELEMETRY/p5s0c_test_t5_r08_s5108_high_mu0.916302_probe_timesteps.csv,1
p5s0c_test_t5_r09_s5109_low_mu0.219817,p5s0c_test_t5_root09_s5109,9,5109,LOW,5,pick up the tomato sauce and place it in the basket,TEST,0.21981654683662172,5109,P4-B common contact-frame shear,1,1,0,0,1,1,1,1,derived_from_existing_P4B_fields_without_changing_probe,max_displacement_cap,2.0,cc4cf899999fa2fb4f49ddcfe389e9b7c9277def6cd96edb6421455f5942c918,6f9d3115eff2f7f8d6bee0d2f84452d89b97a922dbfeb16d052f8f4f3efae681,CONTEXT_READY_FOR_BRANCHING,1,4.0,4,4,False,/home/exouser/Tabero/analysis/results/p5s0c_paired_boundary_probe_value_20260824_000542/P5S0C_PROBE_TELEMETRY/p5s0c_test_t5_r09_s5109_low_mu0.219817_probe_timesteps.csv,1
p5s0c_test_t5_r09_s5109_mid_mu0.511935,p5s0c_test_t5_root09_s5109,9,5109,MID,5,pick up the tomato sauce and place it in the basket,TEST,0.5119353501425179,5109,P4-B common contact-frame shear,1,1,0,0,1,1,1,1,derived_from_existing_P4B_fields_without_changing_probe,max_displacement_cap,2.0,5ac28d542a8b2f904629009436d3859613f794b6e1c926046556922fce061d8d,5288963789a42696677d8de24a112a6d67740691f42b5ebf0292e89abeabae3f,CONTEXT_READY_FOR_BRANCHING,1,4.0,4,4,False,/home/exouser/Tabero/analysis/results/p5s0c_paired_boundary_probe_value_20260824_000542/P5S0C_PROBE_TELEMETRY/p5s0c_test_t5_r09_s5109_mid_mu0.511935_probe_timesteps.csv,1
p5s0c_test_t5_r09_s5109_high_mu0.914121,p5s0c_test_t5_root09_s5109,9,5109,HIGH,5,pick up the tomato sauce and place it in the basket,TEST,0.9141211191134748,5109,P4-B common contact-frame shear,1,1,0,0,1,1,1,1,derived_from_existing_P4B_fields_without_changing_probe,max_displacement_cap,2.0,c9c5104fabd66627bbeebc0d2ad9e62ba991f326be2f85455e3c094b0146b6f2,59bf33f533eb7464b5ae35980df5953b52f201e645e5951308d8e076595057b4,CONTEXT_READY_FOR_BRANCHING,1,4.0,4,4,False,/home/exouser/Tabero/analysis/results/p5s0c_paired_boundary_probe_value_20260824_000542/P5S0C_PROBE_TELEMETRY/p5s0c_test_t5_r09_s5109_high_mu0.914121_probe_timesteps.csv,1
p5s0c_test_t5_r10_s5110_low_mu0.241595,p5s0c_test_t5_root10_s5110,10,5110,LOW,5,pick up the tomato sauce and place it in the basket,TEST,0.24159463926444497,5110,P4-B common contact-frame shear,1,1,0,0,1,1,1,1,derived_from_existing_P4B_fields_without_changing_probe,max_displacement_cap,2.0,8370f010a2578e1dcd03594ae7f7f027e790eae06b28da7974743f451177e6ac,749dc868ee606c8b2d17fd4cf60ec8fa83334318acbf0d4a5e5c705ebb98474c,CONTEXT_READY_FOR_BRANCHING,1,4.0,4,4,False,/home/exouser/Tabero/analysis/results/p5s0c_paired_boundary_probe_value_20260824_000542/P5S0C_PROBE_TELEMETRY/p5s0c_test_t5_r10_s5110_low_mu0.241595_probe_timesteps.csv,1
p5s0c_test_t5_r10_s5110_mid_mu0.558928,p5s0c_test_t5_root10_s5110,10,5110,MID,5,pick up the tomato sauce and place it in the basket,TEST,0.5589278760538872,5110,P4-B common contact-frame shear,1,1,0,0,1,1,1,1,derived_from_existing_P4B_fields_without_changing_probe,max_displacement_cap,2.0,4ec3db363f4bd952842a48a5ca53a0792e53cc6490fb71865bebec6003d1442e,befb49b9ce417d732757a8f3ac046d3b53200b9bd896b513b74f6802286b3cf5,CONTEXT_READY_FOR_BRANCHING,1,4.0,4,4,False,/home/exouser/Tabero/analysis/results/p5s0c_paired_boundary_probe_value_20260824_000542/P5S0C_PROBE_TELEMETRY/p5s0c_test_t5_r10_s5110_mid_mu0.558928_probe_timesteps.csv,1
p5s0c_test_t5_r10_s5110_high_mu0.927931,p5s0c_test_t5_root10_s5110,10,5110,HIGH,5,pick up the tomato sauce and place it in the basket,TEST,0.927930787824814,5110,P4-B common contact-frame shear,1,1,0,0,1,1,1,1,derived_from_existing_P4B_fields_without_changing_probe,max_displacement_cap,2.0,e8ab336617b779c5fba2caf1ec1fcaeb1cc62e033763325a21330e09c3c8f26c,fce594d8a385089129f92343e48f7c7019a49241c2ec8a6bf5f94d5be7f9983c,CONTEXT_READY_FOR_BRANCHING,1,4.0,4,4,False,/home/exouser/Tabero/analysis/results/p5s0c_paired_boundary_probe_value_20260824_000542/P5S0C_PROBE_TELEMETRY/p5s0c_test_t5_r10_s5110_high_mu0.927931_probe_timesteps.csv,1
p5s0c_test_t5_r11_s5111_low_mu0.268178,p5s0c_test_t5_root11_s5111,11,5111,LOW,5,pick up the tomato sauce and place it in the basket,TEST,0.26817793374764104,5111,P4-B common contact-frame shear,1,1,0,0,1,1,1,1,derived_from_existing_P4B_fields_without_changing_probe,max_displacement_cap,2.0,c73e46e6f113b44e3d219d13b8b2db905bd2ce65d8eb058d0c542f53ec29c851,b8693e217c49b4e395d65ec360349f31a4935c1cb161b8c68f54bd057114d019,CONTEXT_READY_FOR_BRANCHING,1,4.0,4,4,False,/home/exouser/Tabero/analysis/results/p5s0c_paired_boundary_probe_value_20260824_000542/P5S0C_PROBE_TELEMETRY/p5s0c_test_t5_r11_s5111_low_mu0.268178_probe_timesteps.csv,1
p5s0c_test_t5_r11_s5111_mid_mu0.515846,p5s0c_test_t5_root11_s5111,11,5111,MID,5,pick up the tomato sauce and place it in the basket,TEST,0.515846448574493,5111,P4-B common contact-frame shear,1,1,0,0,1,1,1,1,derived_from_existing_P4B_fields_without_changing_probe,max_displacement_cap,2.0,690ae659d6c4bd2c3d8a25980957dc53accb28c7a176983e1774c5538d16ff7d,1edb1aac69288c6766c8f63ccc65bb8769cc136f2941ea752795665de3819a45,CONTEXT_READY_FOR_BRANCHING,1,4.0,4,4,False,/home/exouser/Tabero/analysis/results/p5s0c_paired_boundary_probe_value_20260824_000542/P5S0C_PROBE_TELEMETRY/p5s0c_test_t5_r11_s5111_mid_mu0.515846_probe_timesteps.csv,1
p5s0c_test_t5_r11_s5111_high_mu0.923760,p5s0c_test_t5_root11_s5111,11,5111,HIGH,5,pick up the tomato sauce and place it in the basket,TEST,0.9237597683750103,5111,P4-B common contact-frame shear,1,1,0,0,1,1,1,1,derived_from_existing_P4B_fields_without_changing_probe,max_displacement_cap,2.0,c74fc266ff453926266473968059995261a678172030ed71705bd8138c948442,c5e36b7dcddf5abfabb98e6df5b4fb06933464d4eaf1411ab73b7f13f7a7f88a,CONTEXT_READY_FOR_BRANCHING,1,4.0,4,4,False,/home/exouser/Tabero/analysis/results/p5s0c_paired_boundary_probe_value_20260824_000542/P5S0C_PROBE_TELEMETRY/p5s0c_test_t5_r11_s5111_high_mu0.923760_probe_timesteps.csv,1
p5s0c_train_t6_r00_s5100_low_mu0.257577,p5s0c_train_t6_root00_s5100,0,5100,LOW,6,pick up the butter and place it in the basket,TRAIN,0.2575768733744629,5100,P4-B common contact-frame shear,1,1,0,0,1,1,1,1,derived_from_existing_P4B_fields_without_changing_probe,max_displacement_cap,2.0,d1fc3bc5730558165e032670b3cdd0cef9fa53082da3e9ce89d325b7b770853c,0b3478fb13dd8e5b3a51dd83a2cfe596b0dde4c74a371b7c3ac72c8b9ba60347,CONTEXT_READY_FOR_BRANCHING,1,3.0,3,3,False,/home/exouser/Tabero/analysis/results/p5s0c_paired_boundary_probe_value_20260824_000542/P5S0C_PROBE_TELEMETRY/p5s0c_train_t6_r00_s5100_low_mu0.257577_probe_timesteps.csv,1
p5s0c_train_t6_r00_s5100_mid_mu0.558595,p5s0c_train_t6_root00_s5100,0,5100,MID,6,pick up the butter and place it in the basket,TRAIN,0.5585950380614311,5100,P4-B common contact-frame shear,1,1,0,0,1,1,1,1,derived_from_existing_P4B_fields_without_changing_probe,max_displacement_cap,2.0,03fcd2c2f8814aa34c7f4b3440be223edb8b0808524f38aaef4782aaa5057997,0d4aa944cb466ee374c0a29b0933015a9aff22bc9764df90bc5b05a1255ff953,CONTEXT_READY_FOR_BRANCHING,1,3.0,3,3,False,/home/exouser/Tabero/analysis/results/p5s0c_paired_boundary_probe_value_20260824_000542/P5S0C_PROBE_TELEMETRY/p5s0c_train_t6_r00_s5100_mid_mu0.558595_probe_timesteps.csv,1
p5s0c_train_t6_r00_s5100_high_mu0.989348,p5s0c_train_t6_root00_s5100,0,5100,HIGH,6,pick up the butter and place it in the basket,TRAIN,0.9893482298937868,5100,P4-B common contact-frame shear,1,1,0,0,1,1,1,1,derived_from_existing_P4B_fields_without_changing_probe,max_displacement_cap,2.0,a94e58a41bf3dd5d50f0afa82b5308b52b4148bdd9ffb03240427cc849623af5,d6a65ccba57508ce3411c2651975d3a4a64057c175a7f53ad758712b381c84c7,CONTEXT_READY_FOR_BRANCHING,1,3.0,3,3,False,/home/exouser/Tabero/analysis/results/p5s0c_paired_boundary_probe_value_20260824_000542/P5S0C_PROBE_TELEMETRY/p5s0c_train_t6_r00_s5100_high_mu0.989348_probe_timesteps.csv,1
p5s0c_train_t6_r01_s5101_low_mu0.216789,p5s0c_train_t6_root01_s5101,1,5101,LOW,6,pick up the butter and place it in the basket,TRAIN,0.2167888067328618,5101,P4-B common contact-frame shear,1,1,0,0,1,1,1,1,derived_from_existing_P4B_fields_without_changing_probe,max_displacement_cap,2.0,e74d9cb64ecd0078c5b7f4cb9211093ae6a14c31aae5ff107e266fc0710fc1c1,7d90e0df4cffd8ad321956cdabd0242452b6968d1a5a39a2953a0ce9f885fc77,CONTEXT_READY_FOR_BRANCHING,1,3.0,3,3,False,/home/exouser/Tabero/analysis/results/p5s0c_paired_boundary_probe_value_20260824_000542/P5S0C_PROBE_TELEMETRY/p5s0c_train_t6_r01_s5101_low_mu0.216789_probe_timesteps.csv,1
p5s0c_train_t6_r01_s5101_mid_mu0.529103,p5s0c_train_t6_root01_s5101,1,5101,MID,6,pick up the butter and place it in the basket,TRAIN,0.529103149795241,5101,P4-B common contact-frame shear,1,1,0,0,1,1,1,1,derived_from_existing_P4B_fields_without_changing_probe,max_displacement_cap,2.0,cc1ad43969b98e30ce61edb555c0def4d0b13f7cc9226f9b8148d9f2cbe7c067,f9ee02e434f8fe0d8d137721d8fb1161e792f4cf4cfbff813f659195790d13d6,CONTEXT_READY_FOR_BRANCHING,1,3.0,3,3,False,/home/exouser/Tabero/analysis/results/p5s0c_paired_boundary_probe_value_20260824_000542/P5S0C_PROBE_TELEMETRY/p5s0c_train_t6_r01_s5101_mid_mu0.529103_probe_timesteps.csv,1
p5s0c_train_t6_r01_s5101_high_mu0.910021,p5s0c_train_t6_root01_s5101,1,5101,HIGH,6,pick up the butter and place it in the basket,TRAIN,0.9100214165606061,5101,P4-B common contact-frame shear,1,1,0,0,1,1,1,1,derived_from_existing_P4B_fields_without_changing_probe,max_displacement_cap,2.0,91bd3b1ec035465a4ed02d18f4466cb462e8b5f69c370d7bffa81b3267b1bde3,b328dc61818ce1e915b4871f91896f67b0c77a70e6a95034912f534d096e86ef,CONTEXT_READY_FOR_BRANCHING,1,3.0,3,3,False,/home/exouser/Tabero/analysis/results/p5s0c_paired_boundary_probe_value_20260824_000542/P5S0C_PROBE_TELEMETRY/p5s0c_train_t6_r01_s5101_high_mu0.910021_probe_timesteps.csv,1
p5s0c_train_t6_r02_s5102_low_mu0.225446,p5s0c_train_t6_root02_s5102,2,5102,LOW,6,pick up the butter and place it in the basket,TRAIN,0.22544558844853269,5102,P4-B common contact-frame shear,1,1,0,0,1,1,1,1,derived_from_existing_P4B_fields_without_changing_probe,max_displacement_cap,2.0,ddc849f684fa1358bab7cf309dbcad3b862241ab327a90027ed54b0be957f2ac,b8c72b18409dca9cbf75b093e35263a860e282abbcf41888732e201cc2c65624,CONTEXT_READY_FOR_BRANCHING,1,3.0,3,3,False,/home/exouser/Tabero/analysis/results/p5s0c_paired_boundary_probe_value_20260824_000542/P5S0C_PROBE_TELEMETRY/p5s0c_train_t6_r02_s5102_low_mu0.225446_probe_timesteps.csv,1
p5s0c_train_t6_r02_s5102_mid_mu0.568022,p5s0c_train_t6_root02_s5102,2,5102,MID,6,pick up the butter and place it in the basket,TRAIN,0.5680218260664094,5102,P4-B common contact-frame shear,1,1,0,0,1,1,1,1,derived_from_existing_P4B_fields_without_changing_probe,max_displacement_cap,2.0,be57b30fcaa5dac2868e92c121ef83c47f94a4547f439f73a62f7bd4377e266c,d4f73069e75815748588a9510487af1af3a37838557b72abcbc56760ea907bdc,CONTEXT_READY_FOR_BRANCHING,1,3.0,3,3,False,/home/exouser/Tabero/analysis/results/p5s0c_paired_boundary_probe_value_20260824_000542/P5S0C_PROBE_TELEMETRY/p5s0c_train_t6_r02_s5102_mid_mu0.568022_probe_timesteps.csv,1
p5s0c_train_t6_r02_s5102_high_mu0.958858,p5s0c_train_t6_root02_s5102,2,5102,HIGH,6,pick up the butter and place it in the basket,TRAIN,0.9588583617780642,5102,P4-B common contact-frame shear,1,1,0,0,1,1,1,1,derived_from_existing_P4B_fields_without_changing_probe,max_displacement_cap,2.0,dffb69d2f90bc2ae6f6787e0d51794e21944b4f5c72eb4f4b7ae7a41c15176c3,fcf585f2e38f5a7256f5310eeaf1c7fff36cd307d731f4a76e8b63ef9f136712,CONTEXT_READY_FOR_BRANCHING,1,3.0,3,3,False,/home/exouser/Tabero/analysis/results/p5s0c_paired_boundary_probe_value_20260824_000542/P5S0C_PROBE_TELEMETRY/p5s0c_train_t6_r02_s5102_high_mu0.958858_probe_timesteps.csv,1
p5s0c_train_t6_r03_s5103_low_mu0.298364,p5s0c_train_t6_root03_s5103,3,5103,LOW,6,pick up the butter and place it in the basket,TRAIN,0.2983642867493329,5103,P4-B common contact-frame shear,1,1,0,0,1,1,1,1,derived_from_existing_P4B_fields_without_changing_probe,max_displacement_cap,2.0,2df49c8133d45185b0b12c7981f5d9e077c745c6d2295855d34f462bdbd143b1,12bb53d53293fd1939e45c86568994a74bf68294b117be1c6444efc9c71ed69c,CONTEXT_READY_FOR_BRANCHING,1,3.0,3,3,False,/home/exouser/Tabero/analysis/results/p5s0c_paired_boundary_probe_value_20260824_000542/P5S0C_PROBE_TELEMETRY/p5s0c_train_t6_r03_s5103_low_mu0.298364_probe_timesteps.csv,1
p5s0c_train_t6_r03_s5103_mid_mu0.494903,p5s0c_train_t6_root03_s5103,3,5103,MID,6,pick up the butter and place it in the basket,TRAIN,0.4949034834883461,5103,P4-B common contact-frame shear,1,1,0,0,1,1,1,1,derived_from_existing_P4B_fields_without_changing_probe,max_displacement_cap,2.0,a238823b3ee883a2db28d0eae651bd7b127482b3387d72350a60f83eb1c69d01,4a968ab62bde1cdee2afa9d7757e8574ed72e9db19d8a0f17a8ccb55020dd4ad,CONTEXT_READY_FOR_BRANCHING,1,3.0,3,3,False,/home/exouser/Tabero/analysis/results/p5s0c_paired_boundary_probe_value_20260824_000542/P5S0C_PROBE_TELEMETRY/p5s0c_train_t6_r03_s5103_mid_mu0.494903_probe_timesteps.csv,1
p5s0c_train_t6_r03_s5103_high_mu0.989240,p5s0c_train_t6_root03_s5103,3,5103,HIGH,6,pick up the butter and place it in the basket,TRAIN,0.9892401623583469,5103,P4-B common contact-frame shear,1,1,0,0,1,1,1,1,derived_from_existing_P4B_fields_without_changing_probe,max_displacement_cap,2.0,2ca3be48d145047827e7fa2746829f7bb9dcd08a9bf5c3a7958a4576d2a2b468,5c7460aeae0a4a4f2db1adda053d628c3e420eabdc9942ac39b5e356eedde4cf,CONTEXT_READY_FOR_BRANCHING,1,3.0,3,3,False,/home/exouser/Tabero/analysis/results/p5s0c_paired_boundary_probe_value_20260824_000542/P5S0C_PROBE_TELEMETRY/p5s0c_train_t6_r03_s5103_high_mu0.989240_probe_timesteps.csv,1
p5s0c_train_t6_r04_s5104_low_mu0.226087,p5s0c_train_t6_root04_s5104,4,5104,LOW,6,pick up the butter and place it in the basket,TRAIN,0.22608745959925736,5104,P4-B common contact-frame shear,1,1,0,0,1,1,1,1,derived_from_existing_P4B_fields_without_changing_probe,max_displacement_cap,2.0,fe4ca6da47458d81e3cfd5abba2dabd69f1bc80fa59f852aa8c5f53dded38d7a,51fc2ee652ad120afd0aa6da9c38555a519d1a630ede53cbd0b0b3a565b1ad5f,CONTEXT_READY_FOR_BRANCHING,1,3.0,3,3,False,/home/exouser/Tabero/analysis/results/p5s0c_paired_boundary_probe_value_20260824_000542/P5S0C_PROBE_TELEMETRY/p5s0c_train_t6_r04_s5104_low_mu0.226087_probe_timesteps.csv,1
p5s0c_train_t6_r04_s5104_mid_mu0.562603,p5s0c_train_t6_root04_s5104,4,5104,MID,6,pick up the butter and place it in the basket,TRAIN,0.5626032637468864,5104,P4-B common contact-frame shear,1,1,0,0,1,1,1,1,derived_from_existing_P4B_fields_without_changing_probe,max_displacement_cap,2.0,a7b56f7a9821f93fe87db57a9f6789e718c8fe1d061a0aa5679936814169cc05,71f2d96362a1542b2a2beff864a5cb3137377142ebf129f741942232f466660f,CONTEXT_READY_FOR_BRANCHING,1,3.0,3,3,False,/home/exouser/Tabero/analysis/results/p5s0c_paired_boundary_probe_value_20260824_000542/P5S0C_PROBE_TELEMETRY/p5s0c_train_t6_r04_s5104_mid_mu0.562603_probe_timesteps.csv,1
p5s0c_train_t6_r04_s5104_high_mu0.970401,p5s0c_train_t6_root04_s5104,4,5104,HIGH,6,pick up the butter and place it in the basket,TRAIN,0.9704010725401304,5104,P4-B common contact-frame shear,1,1,0,0,1,1,1,1,derived_from_existing_P4B_fields_without_changing_probe,max_displacement_cap,2.0,587dfbd525c6b55f30f56547d96eb5a8fdda0698d6c8c7dc4a0096f23a4092eb,02b6e9588d0f8fcfc800805494f630547c2d1ef654871e359df37cd20c480c99,CONTEXT_READY_FOR_BRANCHING,1,3.0,3,3,False,/home/exouser/Tabero/analysis/results/p5s0c_paired_boundary_probe_value_20260824_000542/P5S0C_PROBE_TELEMETRY/p5s0c_train_t6_r04_s5104_high_mu0.970401_probe_timesteps.csv,1
p5s0c_train_t6_r05_s5105_low_mu0.260231,p5s0c_train_t6_root05_s5105,5,5105,LOW,6,pick up the butter and place it in the basket,TRAIN,0.26023070335172693,5105,P4-B common contact-frame shear,1,1,0,0,1,1,1,1,derived_from_existing_P4B_fields_without_changing_probe,max_displacement_cap,2.0,5393b6489be68475ce49d661a6bdd2e01e8d08ee670b20cdb2c7fe57047ce30e,27823b1c352a254c8139f90e882c7cf63c3b6d7eef641ebe5e159e3e09817135,CONTEXT_READY_FOR_BRANCHING,1,3.0,3,3,False,/home/exouser/Tabero/analysis/results/p5s0c_paired_boundary_probe_value_20260824_000542/P5S0C_PROBE_TELEMETRY/p5s0c_train_t6_r05_s5105_low_mu0.260231_probe_timesteps.csv,1
p5s0c_train_t6_r05_s5105_mid_mu0.481964,p5s0c_train_t6_root05_s5105,5,5105,MID,6,pick up the butter and place it in the basket,TRAIN,0.481964315174943,5105,P4-B common contact-frame shear,1,1,0,0,1,1,1,1,derived_from_existing_P4B_fields_without_changing_probe,max_displacement_cap,2.0,66200cd31bb06aa898e8b1af7a0cea9b1a1fbc19fe2993e4024c5ae421d186a4,6d71ccfaabc90779f641880de4901196ddb7f91346c47b2001c0e64a1de27e23,CONTEXT_READY_FOR_BRANCHING,1,3.0,3,3,False,/home/exouser/Tabero/analysis/results/p5s0c_paired_boundary_probe_value_20260824_000542/P5S0C_PROBE_TELEMETRY/p5s0c_train_t6_r05_s5105_mid_mu0.481964_probe_timesteps.csv,1
p5s0c_train_t6_r05_s5105_high_mu0.940404,p5s0c_train_t6_root05_s5105,5,5105,HIGH,6,pick up the butter and place it in the basket,TRAIN,0.9404040658568695,5105,P4-B common contact-frame shear,1,1,0,0,1,1,1,1,derived_from_existing_P4B_fields_without_changing_probe,max_displacement_cap,2.0,2ea1dae1ac1444fbe32a06220d6ff546323f4a393e6af4fee15f85856c505171,bde09bc54aa53ae1e651b62f697be91e711dca85cc15f2abf2638f2637dadf83,CONTEXT_READY_FOR_BRANCHING,1,3.0,3,3,False,/home/exouser/Tabero/analysis/results/p5s0c_paired_boundary_probe_value_20260824_000542/P5S0C_PROBE_TELEMETRY/p5s0c_train_t6_r05_s5105_high_mu0.940404_probe_timesteps.csv,1
p5s0c_dev_t6_r06_s5106_low_mu0.210449,p5s0c_dev_t6_root06_s5106,6,5106,LOW,6,pick up the butter and place it in the basket,DEV,0.21044850446409608,5106,P4-B common contact-frame shear,1,1,0,0,1,1,1,1,derived_from_existing_P4B_fields_without_changing_probe,max_displacement_cap,2.0,c0ab99b2fd77cd0fbf2ac239e2321fc075ba3dc510efa5bcfedfd47f93fcd093,5aabce6626082038080422a80439fc8ec579ded2125f62a96a9c80e1a78b2c49,CONTEXT_READY_FOR_BRANCHING,1,3.0,3,3,False,/home/exouser/Tabero/analysis/results/p5s0c_paired_boundary_probe_value_20260824_000542/P5S0C_PROBE_TELEMETRY/p5s0c_dev_t6_r06_s5106_low_mu0.210449_probe_timesteps.csv,1
p5s0c_dev_t6_r06_s5106_mid_mu0.569177,p5s0c_dev_t6_root06_s5106,6,5106,MID,6,pick up the butter and place it in the basket,DEV,0.569177278763916,5106,P4-B common contact-frame shear,1,1,0,0,1,1,1,1,derived_from_existing_P4B_fields_without_changing_probe,max_displacement_cap,2.0,a42a5d42247b7fa94a47d922f4467507ce33d22c53d451064bf856264d46085a,4aeeda6697c134f35b623dd95b9e6df14728700136addcfe204b99fb592a67a2,CONTEXT_READY_FOR_BRANCHING,1,3.0,3,3,False,/home/exouser/Tabero/analysis/results/p5s0c_paired_boundary_probe_value_20260824_000542/P5S0C_PROBE_TELEMETRY/p5s0c_dev_t6_r06_s5106_mid_mu0.569177_probe_timesteps.csv,1
p5s0c_dev_t6_r06_s5106_high_mu0.911169,p5s0c_dev_t6_root06_s5106,6,5106,HIGH,6,pick up the butter and place it in the basket,DEV,0.911168502048108,5106,P4-B common contact-frame shear,1,1,0,0,1,1,1,1,derived_from_existing_P4B_fields_without_changing_probe,max_displacement_cap,2.0,f6e42acddbb17565fd4b7f4aea42d3e6b009cc547b3542aba717fa83ebdb2f48,82be6a63502922676824bc1af57734b27704f546db18c3a00ab50ad4bbe0bcb0,CONTEXT_READY_FOR_BRANCHING,1,3.0,3,3,False,/home/exouser/Tabero/analysis/results/p5s0c_paired_boundary_probe_value_20260824_000542/P5S0C_PROBE_TELEMETRY/p5s0c_dev_t6_r06_s5106_high_mu0.911169_probe_timesteps.csv,1
p5s0c_dev_t6_r07_s5107_low_mu0.233902,p5s0c_dev_t6_root07_s5107,7,5107,LOW,6,pick up the butter and place it in the basket,DEV,0.2339024543861059,5107,P4-B common contact-frame shear,1,1,0,0,1,1,1,1,derived_from_existing_P4B_fields_without_changing_probe,max_displacement_cap,2.0,62ee0304bb69dfce834b06d8d4888af4694a41cf4a63129b318f33787f1e1289,be30deacab6bbbcbb082eb94ae3770f64b01ca466c8e8bb1e342fb4ce9ba90ce,CONTEXT_READY_FOR_BRANCHING,1,3.0,3,3,False,/home/exouser/Tabero/analysis/results/p5s0c_paired_boundary_probe_value_20260824_000542/P5S0C_PROBE_TELEMETRY/p5s0c_dev_t6_r07_s5107_low_mu0.233902_probe_timesteps.csv,1
p5s0c_dev_t6_r07_s5107_mid_mu0.522882,p5s0c_dev_t6_root07_s5107,7,5107,MID,6,pick up the butter and place it in the basket,DEV,0.5228824585854834,5107,P4-B common contact-frame shear,1,1,0,0,1,1,1,1,derived_from_existing_P4B_fields_without_changing_probe,max_displacement_cap,2.0,89403c8875a6a12f60ca3cc389d174d11739e41728b4f0e3d1c3dd00e1ee9b59,8cfab252b92deb972892408c6d85ff215a08d8d0129cb49657108b159eb1b26b,CONTEXT_READY_FOR_BRANCHING,1,3.0,3,3,False,/home/exouser/Tabero/analysis/results/p5s0c_paired_boundary_probe_value_20260824_000542/P5S0C_PROBE_TELEMETRY/p5s0c_dev_t6_r07_s5107_mid_mu0.522882_probe_timesteps.csv,1
p5s0c_dev_t6_r07_s5107_high_mu0.971507,p5s0c_dev_t6_root07_s5107,7,5107,HIGH,6,pick up the butter and place it in the basket,DEV,0.9715069289124254,5107,P4-B common contact-frame shear,1,1,0,0,1,1,1,1,derived_from_existing_P4B_fields_without_changing_probe,max_displacement_cap,2.0,7ca0114f606f548ab87b144dc3a7416dd8ddf5a65860a2747c92a4661681c20b,2c8bdb142206c0b7626462753759037cde5408ab5cee25b1cddbc2569f852e6e,CONTEXT_READY_FOR_BRANCHING,1,3.0,3,3,False,/home/exouser/Tabero/analysis/results/p5s0c_paired_boundary_probe_value_20260824_000542/P5S0C_PROBE_TELEMETRY/p5s0c_dev_t6_r07_s5107_high_mu0.971507_probe_timesteps.csv,1
p5s0c_test_t6_r08_s5108_low_mu0.285949,p5s0c_test_t6_root08_s5108,8,5108,LOW,6,pick up the butter and place it in the basket,TEST,0.28594880531872713,5108,P4-B common contact-frame shear,1,1,0,0,1,1,1,1,derived_from_existing_P4B_fields_without_changing_probe,max_displacement_cap,2.0,4cca5f9ca8da9cb37ef114933c17da08dff4aa91f99563a5f2bb7f13821f75a4,d72b97c5abbdfb67ddfecb0e30664b0ca9a19e534a5dd3a0a4175b535d9b53f8,CONTEXT_READY_FOR_BRANCHING,1,3.0,3,3,False,/home/exouser/Tabero/analysis/results/p5s0c_paired_boundary_probe_value_20260824_000542/P5S0C_PROBE_TELEMETRY/p5s0c_test_t6_r08_s5108_low_mu0.285949_probe_timesteps.csv,1
p5s0c_test_t6_r08_s5108_mid_mu0.589667,p5s0c_test_t6_root08_s5108,8,5108,MID,6,pick up the butter and place it in the basket,TEST,0.5896674573789578,5108,P4-B common contact-frame shear,1,1,0,0,1,1,1,1,derived_from_existing_P4B_fields_without_changing_probe,max_displacement_cap,2.0,4a72c140ab1b401de586151e294a5362b9e8aa189a7fb8fd13d103a23e487e00,165b87ebfe3ccf37905ffdd7e03fada344678504171a0fc52ca3af4c5e98bc29,CONTEXT_READY_FOR_BRANCHING,1,3.0,3,3,False,/home/exouser/Tabero/analysis/results/p5s0c_paired_boundary_probe_value_20260824_000542/P5S0C_PROBE_TELEMETRY/p5s0c_test_t6_r08_s5108_mid_mu0.589667_probe_timesteps.csv,1
p5s0c_test_t6_r08_s5108_high_mu0.916654,p5s0c_test_t6_root08_s5108,8,5108,HIGH,6,pick up the butter and place it in the basket,TEST,0.9166536478590027,5108,P4-B common contact-frame shear,1,1,0,0,1,1,1,1,derived_from_existing_P4B_fields_without_changing_probe,max_displacement_cap,2.0,6496902b6fc6360de7b3411d9829dc9bde5b854ab24dbd26a4dc4883fb3a71a0,f95e70d64009f5f2e34c7bdcd71a626c32ebeae64c6fa383f5c55d61171fe40f,CONTEXT_READY_FOR_BRANCHING,1,3.0,3,3,False,/home/exouser/Tabero/analysis/results/p5s0c_paired_boundary_probe_value_20260824_000542/P5S0C_PROBE_TELEMETRY/p5s0c_test_t6_r08_s5108_high_mu0.916654_probe_timesteps.csv,1
p5s0c_test_t6_r09_s5109_low_mu0.212285,p5s0c_test_t6_root09_s5109,9,5109,LOW,6,pick up the butter and place it in the basket,TEST,0.2122846630591167,5109,P4-B common contact-frame shear,1,1,0,0,1,1,1,1,derived_from_existing_P4B_fields_without_changing_probe,max_displacement_cap,2.0,5685c940c257b6e1d9b746769c98e1067de551ee67becb4da305446bd2b38cd1,caab8ea1cdde45b5ec3b3abd71cf1945ccacb562f20f0b343522f42ee2fb8870,CONTEXT_READY_FOR_BRANCHING,1,3.0,3,3,False,/home/exouser/Tabero/analysis/results/p5s0c_paired_boundary_probe_value_20260824_000542/P5S0C_PROBE_TELEMETRY/p5s0c_test_t6_r09_s5109_low_mu0.212285_probe_timesteps.csv,1
p5s0c_test_t6_r09_s5109_mid_mu0.500794,p5s0c_test_t6_root09_s5109,9,5109,MID,6,pick up the butter and place it in the basket,TEST,0.5007939750128186,5109,P4-B common contact-frame shear,1,1,0,0,1,1,1,1,derived_from_existing_P4B_fields_without_changing_probe,max_displacement_cap,2.0,9af96b8ffcfad5465827b4ce4967ef91c90baf01a05bbffb993a4b1f658d2e8b,1fb13879eebda1dc5b814eb55c8bb4d316eee67a9e0776be104ea0e27d3899b9,CONTEXT_READY_FOR_BRANCHING,1,3.0,3,3,False,/home/exouser/Tabero/analysis/results/p5s0c_paired_boundary_probe_value_20260824_000542/P5S0C_PROBE_TELEMETRY/p5s0c_test_t6_r09_s5109_mid_mu0.500794_probe_timesteps.csv,1
p5s0c_test_t6_r09_s5109_high_mu0.973763,p5s0c_test_t6_root09_s5109,9,5109,HIGH,6,pick up the butter and place it in the basket,TEST,0.9737629202847972,5109,P4-B common contact-frame shear,1,1,0,0,1,1,1,1,derived_from_existing_P4B_fields_without_changing_probe,max_displacement_cap,2.0,5995f8be1cc674065849c3bca73b3fa65de387e82ee32d2ac066da42636eb123,da431063572a31d79368f593804431df47e93bbba757c8535a1b02b6248b8fdc,CONTEXT_READY_FOR_BRANCHING,1,3.0,3,3,False,/home/exouser/Tabero/analysis/results/p5s0c_paired_boundary_probe_value_20260824_000542/P5S0C_PROBE_TELEMETRY/p5s0c_test_t6_r09_s5109_high_mu0.973763_probe_timesteps.csv,1
p5s0c_test_t6_r10_s5110_low_mu0.252659,p5s0c_test_t6_root10_s5110,10,5110,LOW,6,pick up the butter and place it in the basket,TEST,0.25265853607391703,5110,P4-B common contact-frame shear,1,1,0,0,1,1,1,1,derived_from_existing_P4B_fields_without_changing_probe,max_displacement_cap,2.0,2b602ccfe58aa080a4d394f3b65d9b83a0164fcaa5823d085be02e818b16036e,b29e34ad0d7e0b3944fa73b158e8c300b87c4416e5e3fff4c928cfb0514cfd64,CONTEXT_READY_FOR_BRANCHING,1,3.0,3,3,False,/home/exouser/Tabero/analysis/results/p5s0c_paired_boundary_probe_value_20260824_000542/P5S0C_PROBE_TELEMETRY/p5s0c_test_t6_r10_s5110_low_mu0.252659_probe_timesteps.csv,1
p5s0c_test_t6_r10_s5110_mid_mu0.481102,p5s0c_test_t6_root10_s5110,10,5110,MID,6,pick up the butter and place it in the basket,TEST,0.4811023924793273,5110,P4-B common contact-frame shear,1,1,0,0,1,1,1,1,derived_from_existing_P4B_fields_without_changing_probe,max_displacement_cap,2.0,38cbb64b2130c0d541d54e250591a38147782308d7c8bf7040c5b266ea156fe5,f34dfac9e505b9c70cb00786d915bbd34d3ac75bb4f66ad2223d563fd3ec219b,CONTEXT_READY_FOR_BRANCHING,1,3.0,3,3,False,/home/exouser/Tabero/analysis/results/p5s0c_paired_boundary_probe_value_20260824_000542/P5S0C_PROBE_TELEMETRY/p5s0c_test_t6_r10_s5110_mid_mu0.481102_probe_timesteps.csv,1
p5s0c_test_t6_r10_s5110_high_mu0.987733,p5s0c_test_t6_root10_s5110,10,5110,HIGH,6,pick up the butter and place it in the basket,TEST,0.987732798590089,5110,P4-B common contact-frame shear,1,1,0,0,1,1,1,1,derived_from_existing_P4B_fields_without_changing_probe,max_displacement_cap,2.0,78a3543e872a0c39c7a282b23c5fe8324a2478f228a288b8855ac8bd3d2a0c86,4e228d1102076d770f7b1ff4c9d525bfd8e9901b7ebf8444d3bd010b7c5149e7,CONTEXT_READY_FOR_BRANCHING,1,3.0,3,3,False,/home/exouser/Tabero/analysis/results/p5s0c_paired_boundary_probe_value_20260824_000542/P5S0C_PROBE_TELEMETRY/p5s0c_test_t6_r10_s5110_high_mu0.987733_probe_timesteps.csv,1
p5s0c_test_t6_r11_s5111_low_mu0.212521,p5s0c_test_t6_root11_s5111,11,5111,LOW,6,pick up the butter and place it in the basket,TEST,0.212521463342134,5111,P4-B common contact-frame shear,1,1,0,0,1,1,1,1,derived_from_existing_P4B_fields_without_changing_probe,max_displacement_cap,2.0,700323e301fd8d126a55d9ebf01b276b574ec61e3a5fd93dd751a4bf6aa594d4,db5fd8ac87811cf7915236c164cb1e69a72987e97fc16c75d7104268bd6d9a9b,CONTEXT_READY_FOR_BRANCHING,1,3.0,3,3,False,/home/exouser/Tabero/analysis/results/p5s0c_paired_boundary_probe_value_20260824_000542/P5S0C_PROBE_TELEMETRY/p5s0c_test_t6_r11_s5111_low_mu0.212521_probe_timesteps.csv,1
p5s0c_test_t6_r11_s5111_mid_mu0.483652,p5s0c_test_t6_root11_s5111,11,5111,MID,6,pick up the butter and place it in the basket,TEST,0.4836522099619362,5111,P4-B common contact-frame shear,1,1,0,0,1,1,1,1,derived_from_existing_P4B_fields_without_changing_probe,max_displacement_cap,2.0,e625cf84434c3fcf9bab059a20ce88da9dfda5a0bd46f883501f73a73877c56a,635ff19287a87a155e58c4bd7f93c8a94f9c4f155f70475ffd1241b08f7726aa,CONTEXT_READY_FOR_BRANCHING,1,3.0,3,3,False,/home/exouser/Tabero/analysis/results/p5s0c_paired_boundary_probe_value_20260824_000542/P5S0C_PROBE_TELEMETRY/p5s0c_test_t6_r11_s5111_mid_mu0.483652_probe_timesteps.csv,1
p5s0c_test_t6_r11_s5111_high_mu0.906536,p5s0c_test_t6_root11_s5111,11,5111,HIGH,6,pick up the butter and place it in the basket,TEST,0.9065357212447386,5111,P4-B common contact-frame shear,1,1,0,0,1,1,1,1,derived_from_existing_P4B_fields_without_changing_probe,max_displacement_cap,2.0,d30297cf8c770cafad50e6366fb7185400eb1444079c068dd08a7d62cbcf79b1,06e255c03678623258086367250c61338f61ed7c9b89b30601b2527a0ace959b,CONTEXT_READY_FOR_BRANCHING,1,3.0,3,3,False,/home/exouser/Tabero/analysis/results/p5s0c_paired_boundary_probe_value_20260824_000542/P5S0C_PROBE_TELEMETRY/p5s0c_test_t6_r11_s5111_high_mu0.906536_probe_timesteps.csv,1
