name,source_absolute_path,bundle_relative_path,semantic_role,required_for_new_pipeline,historical_only,size_bytes,sha256
"ACTIVEFORCING_TRANSFER_DECLARATION.md","generated in transfer bundle from audited historical sources","ACTIVEFORCING_TRANSFER_DECLARATION.md","transfer scope and semantic declaration","false","false","4351","7b669eae18a62c16f4ae08a430ab917a76e5bf4085db420168bc9783578a9c08"
"DATA_AUDIT.json","/media/volume/newdata/exouser/ACTIVEFORCING_DISK_ARCHIVE_20260902/Tabero/analysis/results/active_friction_imagination_20260828_211106/DATA_AUDIT.json","legacy_reference/afi/DATA_AUDIT.json","curated historical reference","false","true","1631","1a1f5eba5e9cb4975991aa7b2fa3edd75b49c03d4128d125bbd1a1649166f711"
"FRICTION_ESTIMATION_METRICS.json","/media/volume/newdata/exouser/ACTIVEFORCING_DISK_ARCHIVE_20260902/Tabero/analysis/results/active_friction_imagination_20260828_211106/FRICTION_ESTIMATION_METRICS.json","legacy_reference/afi/FRICTION_ESTIMATION_METRICS.json","curated historical reference","false","true","1092","462cd9f624dc54ae540c0da23892e6cfc04a1622f0941d9d4b4bc20fb500c316"
"FRICTION_PREDICTIONS.csv","/media/volume/newdata/exouser/ACTIVEFORCING_DISK_ARCHIVE_20260902/Tabero/analysis/results/active_friction_imagination_20260828_211106/FRICTION_PREDICTIONS.csv","legacy_reference/afi/FRICTION_PREDICTIONS.csv","curated historical reference","false","true","28563","d4cc08371371e9be28651ee8839f2e1a6c55c4e6a87696bb04917f5ced14f9fb"
"OFFLINE_IMAGINATION_DECISION_AUDIT.csv","/media/volume/newdata/exouser/ACTIVEFORCING_DISK_ARCHIVE_20260902/Tabero/analysis/results/active_friction_imagination_20260828_211106/OFFLINE_IMAGINATION_DECISION_AUDIT.csv","legacy_reference/afi/OFFLINE_IMAGINATION_DECISION_AUDIT.csv","curated historical reference","false","true","18904","1cd3e36049b89bc162fec77198b19e132b91e1179a0f750cb86e2f732c09aeba"
"PROTOCOL.json","/media/volume/newdata/exouser/ACTIVEFORCING_DISK_ARCHIVE_20260902/Tabero/analysis/results/active_friction_imagination_20260828_211106/PROTOCOL.json","legacy_reference/afi/PROTOCOL.json","curated historical reference","false","true","1394","b7e4bed5febd89a3e52ec9daa174d834ad4627087c2bf53cefc465a88c01d86b"
"REPORT.md","/media/volume/newdata/exouser/ACTIVEFORCING_DISK_ARCHIVE_20260902/Tabero/analysis/results/active_friction_imagination_20260828_211106/REPORT.md","legacy_reference/afi/REPORT.md","curated historical reference","false","true","895","c6d7ae1e709f636c2a1fc3da94b28e3e6e958fdbf4751cada96088fe06dac3dc"
"REUSE_MAP.json","/media/volume/newdata/exouser/ACTIVEFORCING_DISK_ARCHIVE_20260902/Tabero/analysis/results/active_friction_imagination_20260828_211106/REUSE_MAP.json","legacy_reference/afi/REUSE_MAP.json","curated historical reference","false","true","1896","20e9b09f926fd2c8afd84727ac82384987acfa60eaab8aab87c4edb36a5b2873"
"PHYSICAL_BELIEF_MANIFEST.json","/home/exouser/FORTE/activeforcing_full_claim_closure_20260902_134732/E6_E7/PHYSICAL_BELIEF_MANIFEST.json","legacy_reference/e6/PHYSICAL_BELIEF_MANIFEST.json","later E6 physical-belief reference","false","true","2802","6c4b89d39428a2f2b4dd89bc03ca220853abdea46df3be732dbab40454cb66de"
"README.md","generated in transfer bundle from audited historical sources","legacy_reference/e6/README.md","later E6 physical-belief reference","false","true","238","0b34dc0e57604230af3932d4e625d5fe7199e0f314abecfe71e533012c15ee1e"
"CONTINUOUS_FORCE_SAMPLE_MANIFEST.csv","generated in transfer bundle from audited historical sources","legacy_reference/old720/CONTINUOUS_FORCE_SAMPLE_MANIFEST.csv","later 720-row continuous-force legacy reference","false","true","51708","8a8b97fcde79d0fa31afaaf812fedd2aa116c98e81c17323f4cb40292028625e"
"CONTINUOUS_TRAIN_COLLECTION_RUN_MANIFEST.csv","generated in transfer bundle from audited historical sources","legacy_reference/old720/CONTINUOUS_TRAIN_COLLECTION_RUN_MANIFEST.csv","later 720-row continuous-force legacy reference","false","true","445818","2a27bd5898996202dbe3f0e4472387030a7ed190d1525fb5d58ef2348c590b23"
"CONTINUOUS_TRAIN_COLLECTION_RUN_MANIFEST.json","generated in transfer bundle from audited historical sources","legacy_reference/old720/CONTINUOUS_TRAIN_COLLECTION_RUN_MANIFEST.json","later 720-row continuous-force legacy reference","false","true","527","ca009039ff61e3a259deb905d4ac0c2ebe0d1f4411dde29add4f8ba72a5e4353"
"CONTINUOUS_TRAIN_SUCCESS_DATA.csv","/media/volume/newdata/exouser/ACTIVEFORCING_DISK_ARCHIVE_20260902/gnp_style_continuous_20260830_125107/CONTINUOUS_TRAIN_SUCCESS_DATA.csv","legacy_reference/old720/CONTINUOUS_TRAIN_SUCCESS_DATA.csv","later 720-row continuous-force legacy reference","false","true","445818","2a27bd5898996202dbe3f0e4472387030a7ed190d1525fb5d58ef2348c590b23"
"GNP_STYLE_CHECKPOINT_MANIFEST.json","generated in transfer bundle from audited historical sources","legacy_reference/old720/GNP_STYLE_CHECKPOINT_MANIFEST.json","later 720-row continuous-force legacy reference","false","true","3349","22ddbd5444df067695ca314f0da0852979de9ad2896989a539b53e16b44e4982"
"OLD720_AUDIT_REPORT.md","generated in transfer bundle from audited historical sources","legacy_reference/old720/OLD720_AUDIT_REPORT.md","later 720-row continuous-force legacy reference","false","true","6280","08af591fa0301184c500151cad8922a07dfb7a2537e077d5ec6adc9cd890a50b"
"OLD720_CONTEXT_BREAKDOWN.csv","generated in transfer bundle from audited historical sources","legacy_reference/old720/OLD720_CONTEXT_BREAKDOWN.csv","later 720-row continuous-force legacy reference","false","true","25855","4798eb78485b3ab340f173c02fe44d7114f16b811aeb373a6c0abce8de465084"
"OLD720_PROVENANCE.json","generated in transfer bundle from audited historical sources","legacy_reference/old720/OLD720_PROVENANCE.json","later 720-row continuous-force legacy reference","false","true","5127","85772c692bc471627e4ce8dc8a458f5587dc0fba8bb1be5c65fa5eb252722bb8"
"OLD720_TASK_BREAKDOWN.json","generated in transfer bundle from audited historical sources","legacy_reference/old720/OLD720_TASK_BREAKDOWN.json","later 720-row continuous-force legacy reference","false","true","2307","660952e646b780bec637125a46a70bfa6b23dd91f779cf6cd19413ee0066af09"
"OLD_EVALUATION_PROTOCOL.json","generated in transfer bundle from audited historical sources","legacy_reference/old720/OLD_EVALUATION_PROTOCOL.json","later 720-row continuous-force legacy reference","false","true","1963","8afdbbef45fc130a87ab8d0052c6272013cfef11ab37279ba674b8e372036f1d"
"OLD_TRAIN_DEV_TEST_SPLIT.json","generated in transfer bundle from audited historical sources","legacy_reference/old720/OLD_TRAIN_DEV_TEST_SPLIT.json","later 720-row continuous-force legacy reference","false","true","3100","91182294dcab37d3d8009e64a9ada2261e7b57c685a516576316af21bee6726a"
"README.md","generated in transfer bundle from audited historical sources","legacy_reference/old720/README.md","later 720-row continuous-force legacy reference","false","true","475","16559800ce8fbc36fa85571156b1f985e7dde975dd0a8fdfa50a01a47ce49f86"
"gnp_style_continuous.py","/home/exouser/FORTE/gnp_style_continuous.py","legacy_reference/old720/gnp_style_continuous.py","later 720-row continuous-force legacy reference","false","true","77772","0c919156a9a0dfad5f9b92c0499c17a59e93e2c3dd93acbf19963842d7031259"
"gnp_style_continuous_collect.py","/home/exouser/FORTE/gnp_style_continuous_collect.py","legacy_reference/old720/gnp_style_continuous_collect.py","later 720-row continuous-force legacy reference","false","true","14218","176a09431eff6df428401da689d4442901c2fb4b040c13607a04ceb807cb7103"
"P5S0C_ALL_FORCE_RESULTS.csv","generated in transfer bundle from audited historical sources","legacy_reference/p5s0c/P5S0C_ALL_FORCE_RESULTS.csv","Q2F force-success legacy reference","false","true","30113","32e43fe0d37af8c84193b57da8918e826e4bfe9bf710c290135cbf5555ab1f0f"
"P5S0C_CODE_HASH.txt","generated in transfer bundle from audited historical sources","legacy_reference/p5s0c/P5S0C_CODE_HASH.txt","Q2F force-success legacy reference","false","true","242","c8ee5f21af2f820dc61d2569f73afa0969c2ab7cbe64255ccc5e76b0ffeaa57f"
"P5S0C_CONTEXT_MANIFEST.csv","generated in transfer bundle from audited historical sources","legacy_reference/p5s0c/P5S0C_CONTEXT_MANIFEST.csv","Q2F force-success legacy reference","false","true","92104","89003a5609f0b57faac14eca63846d301e3eddd77a748731085930df1d1582bc"
"P5S0C_FINAL_REPORT.md","generated in transfer bundle from audited historical sources","legacy_reference/p5s0c/P5S0C_FINAL_REPORT.md","Q2F force-success legacy reference","false","true","3072","97eb05a5e7436c4538bdc25fa44175890309f4f8580b7a8a2e6622c430abe5ed"
"P5S0C_FORCE_MANIFEST.json","generated in transfer bundle from audited historical sources","legacy_reference/p5s0c/P5S0C_FORCE_MANIFEST.json","Q2F force-success legacy reference","false","true","652","d2a4bd82685f7dcce3c1adb089f8766c4d3d4f81fca06de624e77ac16c7e8f3d"
"P5S0C_FRICTION_MANIFEST.json","generated in transfer bundle from audited historical sources","legacy_reference/p5s0c/P5S0C_FRICTION_MANIFEST.json","Q2F force-success legacy reference","false","true","12788","0cc125e0cf54efaf6120a53b29f972b02b9de1ad105c9c06b2f62184ea4b45fd"
"P5S0C_PROTOCOL.json","generated in transfer bundle from audited historical sources","legacy_reference/p5s0c/P5S0C_PROTOCOL.json","Q2F force-success legacy reference","false","true","1228","a3ac09b754c63b967a20a4721dd0278859f5c9262579e81e6c707c6ea508f382"
"P5S0C_ROOT_MANIFEST.json","generated in transfer bundle from audited historical sources","legacy_reference/p5s0c/P5S0C_ROOT_MANIFEST.json","Q2F force-success legacy reference","false","true","13660","717cdbc48abdbc9117e395a5e1c03f901fe767567a42192e4d4fa5e846e38234"
"P5S0C_SPLIT_MANIFEST.json","generated in transfer bundle from audited historical sources","legacy_reference/p5s0c/P5S0C_SPLIT_MANIFEST.json","Q2F force-success legacy reference","false","true","13716","bd1da97d866bea5651dad2a76a75e2a92902b14ad8d5b46163c93d194e9ffa7f"
"README.md","generated in transfer bundle from audited historical sources","legacy_reference/p5s0c/README.md","Q2F force-success legacy reference","false","true","564","d1e1566cfbd52125fabe499cc8a9aa77a5220b9ba3dd71170d672bf1981f6fb4"
"p5s0c_paired_boundary_probe_value.py","/home/exouser/Tabero/analysis/p5s0c_paired_boundary_probe_value.py","legacy_reference/p5s0c/p5s0c_paired_boundary_probe_value.py","Q2F force-success legacy reference","false","true","110890","7396b899429be3e3c298217dfab29c01afee03594e6ed8b909b4df04554353a2"
"DEPENDENCY_AUDIT.md","generated in transfer bundle from audited historical sources","p4b_probe/DEPENDENCY_AUDIT.md","static dependency and semantics audit","false","false","1497","61e31cf4d91ed0324f71ccc3355778c80b52c80263e44e6e82bc7d7d28d99a38"
"p4_collect_probe.py","/home/exouser/Tabero/analysis/results/p4_contact_conditioned_probe_20260822_184213/scripts/p4_collect_probe.py","p4b_probe/p4_collect_probe.py","executed P4-B probe and friction setter","true","false","30181","a1566334f9f79ad9d8491612f10d086386049295314f6d1fd62512be1867bca9"
"FEATURE_SCHEMA_46D.json","generated in transfer bundle from audited historical sources","posterior/FEATURE_SCHEMA_46D.json","exact 46-D model input order","true","false","1524","b3f7f3df5e424e5b8ea4e2369b90647400d73ce2373c27a7fea60ffa587d2aa6"
"FRICTION_GRU.pt","/home/exouser/Tabero/analysis/results/active_friction_imagination_20260828_211106/FRICTION_GRU.pt","posterior/FRICTION_GRU.pt","historical friction-belief checkpoint","true","false","13522","a6c9d59bfa11c2481b7dca5fec1e41e0b625bbd463ed3fad9e3e4a1cb3eeb6af"
"NORMALIZATION_46D.json","/media/volume/newdata/exouser/ACTIVEFORCING_DISK_ARCHIVE_20260902/Tabero/analysis/results/p5s0c_paired_boundary_probe_value_20260824_000542/P5S0C_NORMALIZATION.json","posterior/NORMALIZATION_46D.json","P5-S0-C TRAIN-only normalization","true","false","6808","5743bbbb6495c8c052a663a6dbf1ccf7fb974dc1bbe5c96236220ec4b90ecbd2"
"P5S0C_DATASET_SCHEMA.md","generated in transfer bundle from audited historical sources","posterior/P5S0C_DATASET_SCHEMA.md","curated historical reference","false","true","572","b03f29fb1fd97526af296d1a1709d670cadffd930c671c9014ffac8dce3c9523"
"P5S0C_FEATURE_MANIFEST.json","/media/volume/newdata/exouser/ACTIVEFORCING_DISK_ARCHIVE_20260902/Tabero/analysis/results/p5s0c_paired_boundary_probe_value_20260824_000542/P5S0C_FEATURE_MANIFEST.json","posterior/P5S0C_FEATURE_MANIFEST.json","curated historical reference","false","true","2816","4a35c41efa5c89115db9e8c0c094a284a3f039eaae872e1b5e527e0ae4f4bc81"
"P5S0C_FROZEN_PROBE.json","/media/volume/newdata/exouser/ACTIVEFORCING_DISK_ARCHIVE_20260902/Tabero/analysis/results/p5s0c_paired_boundary_probe_value_20260824_000542/P5S0C_FROZEN_PROBE.json","posterior/P5S0C_FROZEN_PROBE.json","curated historical reference","false","true","337","16906d0053594911c191f7dab2d30de6d8251273f5e0c2a6330e462cc314df37"
"P5S0C_MODEL_CONFIGS.json","generated in transfer bundle from audited historical sources","posterior/P5S0C_MODEL_CONFIGS.json","curated historical reference","false","true","585","10eed0bc00115b9d56dd0046c763d3e1e9d4254cffcff9c0495cdd3a1f79ca0a"
"active_friction_imagination.py","/home/exouser/Tabero/analysis/active_friction_imagination.py","posterior/active_friction_imagination.py","historical estimator/model definition","false","false","18501","c06e09b34a27b1c3a1111d60a3be012edf6e9d604008eeb2ef0858a65d532918"
"active_friction_imagination_e2e.py","/home/exouser/Tabero/analysis/active_friction_imagination_e2e.py","posterior/active_friction_imagination_e2e.py","historical GRU inference and legacy selector","true","false","14061","b510af7aaadba91316d91cc219f8a0744824c8ad4babf38ad33a3086c97248ec"
"evidence_46d.py","/home/exouser/Tabero/analysis/p5s0d_fresh_e2e_q2f.py::OnlineInference.sequence_array","posterior/evidence_46d.py","self-contained exact 46-D offline feature adapter","true","false","3848","b3d1ac8ca1080ce9bfac23f14d0f06952cf83d08296f371ae761bdf3d2d3e5ec"
"p5s0c_model_adjudication.py","/home/exouser/Tabero/analysis/p5s0c_model_adjudication.py","posterior/p5s0c_model_adjudication.py","historical feature and normalization reference","false","false","48515","ecf5a57c9bffb313fd3df94bef26d1579754836f26fa154538bff7acf6e7ea9f"
"p5s0d_fresh_e2e_q2f.py","/home/exouser/Tabero/analysis/p5s0d_fresh_e2e_q2f.py","posterior/p5s0d_fresh_e2e_q2f.py","historical 46-D online feature builder and query wrapper","true","false","55383","0c291fc207da91800d9f580c80d7c76ff0acbbc6b24fc3073e87960b6d9cacc5"
"HISTORICAL_PROBE_SEARCH_REPORT.md","/home/exouser/FORTE/hidden_friction_baseline_20260831/HISTORICAL_PROBE_SEARCH_REPORT.md","provenance/HISTORICAL_PROBE_SEARCH_REPORT.md","historical provenance/audit report","false","true","7098","bff4b3ff706d287c3925e78b5b39b9493c90e673329cbdc6f08cbe818aea484f"
"PREVIOUS_WORKING_PROBE_EXECUTION_PATH.md","/home/exouser/FORTE/hidden_friction_baseline_20260831/PREVIOUS_WORKING_PROBE_EXECUTION_PATH.md","provenance/PREVIOUS_WORKING_PROBE_EXECUTION_PATH.md","historical provenance/audit report","false","true","3747","46776916b41e7b4dd4105c81681984748f23c4c96748922f94de2fc5f19e5d8e"
"RECOVERED_PROBE_DEV_REPRODUCTION.md","/home/exouser/FORTE/hidden_friction_baseline_20260831/RECOVERED_PROBE_DEV_REPRODUCTION.md","provenance/RECOVERED_PROBE_DEV_REPRODUCTION.md","historical provenance/audit report","false","true","1781","f710a860197dcfb3a865ed5471b98670eeb40b84fd6b162f89804b9005b8e44d"
"QUERY_RESULTS.csv","/media/volume/newdata/exouser/ACTIVEFORCING_DISK_ARCHIVE_20260902/Tabero/analysis/results/active_friction_imagination_e2e_20260828_211434/QUERY_RESULTS.csv","reference_parity/QUERY_RESULTS.csv","historical offline parity evidence","true","false","1520","9c8df73bca51690bf6ebda84d225719e8760715e98660bc76e8dbef49c6b9f8a"
"README.md","generated in transfer bundle from audited historical sources","reference_parity/README.md","historical offline parity evidence","false","false","1334","2e724bda665cc8c17ad5e458dd0b0da2657c4540f526483e8ece29e18ec9f0cd"
"context.json","/media/volume/newdata/exouser/ACTIVEFORCING_DISK_ARCHIVE_20260902/Tabero/analysis/results/active_friction_imagination_e2e_20260828_211434/PROBE_TELEMETRY/afi_pilot_t0_root00_s8100_low.csv","reference_parity/case_001/context.json","historical offline parity evidence","false","false","437","64d7a7bc5d595acaa61b0024a7767381978de28c70d478a2f755a1a687f63972"
"expected_output.json","/media/volume/newdata/exouser/ACTIVEFORCING_DISK_ARCHIVE_20260902/Tabero/analysis/results/active_friction_imagination_e2e_20260828_211434/PROBE_TELEMETRY/afi_pilot_t0_root00_s8100_low.csv","reference_parity/case_001/expected_output.json","historical offline parity evidence","false","false","310","be454ed0b50474ffe317dd56c6a74b4d3ba964e5cbd7ca89849b1b98e6975702"
"probe_telemetry.csv","/media/volume/newdata/exouser/ACTIVEFORCING_DISK_ARCHIVE_20260902/Tabero/analysis/results/active_friction_imagination_e2e_20260828_211434/PROBE_TELEMETRY/afi_pilot_t0_root00_s8100_low.csv","reference_parity/case_001/probe_telemetry.csv","historical offline parity evidence","false","false","147089","d94b187e4158812cbf062864b239df467a6aa743627bef766c9b0211a0472fcb"
"context.json","/media/volume/newdata/exouser/ACTIVEFORCING_DISK_ARCHIVE_20260902/Tabero/analysis/results/active_friction_imagination_e2e_20260828_211434/PROBE_TELEMETRY/afi_pilot_t0_root00_s8100_mid.csv","reference_parity/case_002/context.json","historical offline parity evidence","false","false","436","30a6b01919d12c5aa48777e6c4548b85dfdce6e15f57b55a7510596e0ef9947a"
"expected_output.json","/media/volume/newdata/exouser/ACTIVEFORCING_DISK_ARCHIVE_20260902/Tabero/analysis/results/active_friction_imagination_e2e_20260828_211434/PROBE_TELEMETRY/afi_pilot_t0_root00_s8100_mid.csv","reference_parity/case_002/expected_output.json","historical offline parity evidence","false","false","309","09fb5da9fa27c85dcdd8a5fb4109dc08be74bee93b5fea1c89f1a21ad469ba76"
"probe_telemetry.csv","/media/volume/newdata/exouser/ACTIVEFORCING_DISK_ARCHIVE_20260902/Tabero/analysis/results/active_friction_imagination_e2e_20260828_211434/PROBE_TELEMETRY/afi_pilot_t0_root00_s8100_mid.csv","reference_parity/case_002/probe_telemetry.csv","historical offline parity evidence","false","false","148739","c8f77753e6474ea760171ccc51e34be23fb4abbad4b790772d095b4d0dc7e483"
"context.json","/media/volume/newdata/exouser/ACTIVEFORCING_DISK_ARCHIVE_20260902/Tabero/analysis/results/active_friction_imagination_e2e_20260828_211434/PROBE_TELEMETRY/afi_pilot_t0_root00_s8100_high.csv","reference_parity/case_003/context.json","historical offline parity evidence","false","false","439","71fb76bf2fe57d71e7f33c14740787cb786c40aa748e9d7fd5c6bbe6ec9fd1c6"
"expected_output.json","/media/volume/newdata/exouser/ACTIVEFORCING_DISK_ARCHIVE_20260902/Tabero/analysis/results/active_friction_imagination_e2e_20260828_211434/PROBE_TELEMETRY/afi_pilot_t0_root00_s8100_high.csv","reference_parity/case_003/expected_output.json","historical offline parity evidence","false","false","292","e7600622db2f232b8cf313f70536a2075b0937349f9e227184ff80d1c9950a09"
"probe_telemetry.csv","/media/volume/newdata/exouser/ACTIVEFORCING_DISK_ARCHIVE_20260902/Tabero/analysis/results/active_friction_imagination_e2e_20260828_211434/PROBE_TELEMETRY/afi_pilot_t0_root00_s8100_high.csv","reference_parity/case_003/probe_telemetry.csv","historical offline parity evidence","false","false","148970","96edc65aba06d5f411dd9964e026dc97190b61477b6c27bfcc533d4b99ccc496"
